fuel,reg_year,age,emissions,std_error,n
car_hev,2007,0,7.764376559387163,0.02766996529305208,4197
car_hev,2007,1,11.531216266614388,0.05428973758320498,4197
car_hev,2007,2,15.298055973841615,0.08759681482761178,4197
car_hev,2007,3,19.065629350245057,0.12248659921754852,4197
car_hev,2007,4,22.402897922804183,0.1493065196652808,4096
car_hev,2007,5,25.593484969941937,0.1723129313980289,4111
car_hev,2007,6,28.62623857509314,0.19246350164395215,4095
car_hev,2007,7,31.755499326783752,0.2130820200164578,4090
car_hev,2007,8,34.751800624254145,0.232140180687938,4080
car_hev,2007,9,37.63650136455573,0.24956076557889864,4048
car_hev,2007,10,40.67111278399598,0.28668927160341195,3594
car_hev,2007,11,43.50678054396676,0.28588274839350614,4015
car_hev,2007,12,46.210059292359844,0.303873551728964,3961
car_hev,2007,13,48.75286350193933,0.32814736329342803,3717
car_hev,2007,14,51.15757219321233,0.3299466107112195,3957
car_hev,2007,15,53.779218461510645,0.3433539056896679,4011
car_hev,2007,16,56.36275814962398,0.35587418723555064,3993
car_hev,2007,17,58.54474600507024,0.3978465857242653,3281
car_hev,2008,0,7.754120956731207,0.027392419989800746,4303
car_hev,2008,1,11.658158442052207,0.053302287669923426,4303
car_hev,2008,2,15.562195927373205,0.08646763449718421,4303
car_hev,2008,3,19.497093484056865,0.12245508180907078,4303
car_hev,2008,4,22.91352059193097,0.14709031817526677,4203
car_hev,2008,5,26.2695464137516,0.1691369781536801,4197
car_hev,2008,6,29.620072261524392,0.18994661244874883,4195
car_hev,2008,7,32.94004690019722,0.2122944241440969,4184
car_hev,2008,8,36.10517940656532,0.2336325703909257,4151
car_hev,2008,9,39.71573513355403,0.27387625837588453,3677
car_hev,2008,10,42.65902066764123,0.2763106752511031,4112
car_hev,2008,11,45.6944325492923,0.2956075516690321,4094
car_hev,2008,12,48.24001404707996,0.3227497041231546,3781
car_hev,2008,13,50.77016788983343,0.32331233635560575,4091
car_hev,2008,14,53.67135331263663,0.33523318785275114,4155
car_hev,2008,15,56.24219946498254,0.3515064242287196,4086
car_hev,2008,16,58.27926289037638,0.38746489967411407,3422
car_hev,2009,0,8.120186146424697,0.01954930005451689,4388
car_hev,2009,1,12.151019197832062,0.0473600253213168,4388
car_hev,2009,2,16.18185224923943,0.08293260631156463,4388
car_hev,2009,3,20.260452623297443,0.12096817578903805,4388
car_hev,2009,4,23.906103670680075,0.1461608817395747,4310
car_hev,2009,5,27.787326034731734,0.17585286642714648,4285
car_hev,2009,6,31.623406661944305,0.2038427763472217,4288
car_hev,2009,7,35.39229772798137,0.23475787882778776,4245
car_hev,2009,8,39.874453561234546,0.283611587231559,3831
car_hev,2009,9,43.5264416006302,0.3009711848906487,4228
car_hev,2009,10,47.25769881135945,0.3291216458808356,4207
car_hev,2009,11,50.56985157294534,0.35818418688473336,4021
car_hev,2009,12,53.47485102823226,0.36985868405406214,4188
car_hev,2009,13,56.86218781611173,0.3917579361737293,4215
car_hev,2009,14,60.21237106178655,0.4161229684402432,4211
car_hev,2009,15,61.868307748180925,0.4708564905117118,3393
car_hev,2010,0,8.27069125504539,0.011900639615701902,7010
car_hev,2010,1,12.603180532009842,0.03695501425234305,7010
car_hev,2010,2,16.9356698089743,0.0678538978624654,7010
car_hev,2010,3,21.360242039846177,0.10112836765061253,7010
car_hev,2010,4,25.5364705111777,0.12758690321465346,6869
car_hev,2010,5,30.004487257346007,0.15630158086011506,6858
car_hev,2010,6,34.518903389704484,0.18843433540443746,6785
car_hev,2010,7,39.56386430850074,0.23458227556800484,6111
car_hev,2010,8,43.99161562990532,0.2584890157889976,6746
car_hev,2010,9,48.72626771966909,0.29358713945850917,6725
car_hev,2010,10,52.35908025040594,0.32330962979133593,6463
car_hev,2010,11,55.2362435494545,0.33392173353532595,6669
car_hev,2010,12,58.80550596341729,0.3519242555140101,6722
car_hev,2010,13,62.391931369375335,0.3693700453862335,6678
car_hev,2010,14,65.2892187650705,0.42193645443361333,5589
car_hev,2011,0,7.664169283958542,0.011103282049165195,8165
car_hev,2011,1,10.617799592517823,0.027847101217533712,8165
car_hev,2011,2,13.571429901077103,0.048516665545280786,8165
car_hev,2011,3,16.623420173179845,0.07085076923708584,8165
car_hev,2011,4,19.47148497654113,0.08796930740460342,8041
car_hev,2011,5,22.268549023974792,0.10383919485159003,8002
car_hev,2011,6,25.493041638865083,0.13009389439917696,7144
car_hev,2011,7,28.211504063763368,0.14194770779517188,7878
car_hev,2011,8,31.154461700710154,0.16248191849462612,7848
car_hev,2011,9,33.575014461527466,0.18040600839486334,7556
car_hev,2011,10,35.6739154072395,0.19150361908017638,7889
car_hev,2011,11,37.6300262323163,0.20280947834229932,7808
car_hev,2011,12,39.87722145006164,0.21379840601763442,7767
car_hev,2011,13,42.02566971909352,0.2487958187696713,6286
car_hev,2012,0,7.572380831143504,0.009845380057781308,12943
car_hev,2012,1,10.33476417948419,0.022145801649314827,12943
car_hev,2012,2,13.097147527824877,0.03722780042205972,12943
car_hev,2012,3,15.991545816145655,0.05397030241029752,12943
car_hev,2012,4,18.67315116784198,0.067467197284001,12705
car_hev,2012,5,21.521481709105046,0.086905811238906,11116
car_hev,2012,6,24.019041686000527,0.09569220485303065,12590
car_hev,2012,7,26.69945555608777,0.1109123731497194,12490
car_hev,2012,8,28.839017925932623,0.12432681580973683,12200
car_hev,2012,9,30.913311420939817,0.13478889896240887,12559
car_hev,2012,10,33.332266043201976,0.14879704445513023,12605
car_hev,2012,11,35.112443472467326,0.15856854395939787,12313
car_hev,2012,12,36.68681339411298,0.18417792350997061,9982
car_hev,2013,0,7.637917402696715,0.008123935574632151,22469
car_hev,2013,1,10.382533591736909,0.017522426590569646,22469
car_hev,2013,2,13.127149780777104,0.02933224563051895,22469
car_hev,2013,3,15.962814031717844,0.04240645493800751,22469
car_hev,2013,4,18.598306021842998,0.056122818170469754,19262
car_hev,2013,5,21.063950139889474,0.062218800834442096,21872
car_hev,2013,6,23.575952051200126,0.07251742773040373,21824
car_hev,2013,7,25.64645366274132,0.08230808012097526,21060
car_hev,2013,8,27.59490630034101,0.08956923148216044,21800
car_hev,2013,9,29.855244751019885,0.09927516976497545,21862
car_hev,2013,10,32.143775669911044,0.10967742101433721,21794
car_hev,2013,11,33.598278578397434,0.12558354705663133,18030
car_hev,2014,0,7.627738309883242,0.007911429548584726,26093
car_hev,2014,1,10.242988924949165,0.01612327268210915,26093
car_hev,2014,2,12.858239540015088,0.026857451462038887,26093
car_hev,2014,3,15.594633418991755,0.039251322015118335,26093
car_hev,2014,4,18.078919740815383,0.0492713978958754,25549
car_hev,2014,5,20.525712909795,0.059064705584017746,25407
car_hev,2014,6,22.53903107763728,0.0680150773239528,24554
car_hev,2014,7,24.38838202604582,0.07505484397732978,25397
car_hev,2014,8,26.59503851174069,0.08456545092287099,25433
car_hev,2014,9,28.858767946323095,0.09433113287239105,25353
car_hev,2014,10,31.06762513399452,0.1123040329784451,21640
car_hev,2015,0,7.611965276215895,0.006123832702524517,37345
car_hev,2015,1,10.218580792023353,0.013136746861197979,37345
car_hev,2015,2,12.825196307830812,0.022410157161820897,37345
car_hev,2015,3,15.62243757147714,0.03381376947092833,37345
car_hev,2015,4,18.104174467854737,0.042436550159146845,36531
car_hev,2015,5,20.15982629088374,0.0501994462805249,35036
car_hev,2015,6,22.033957603127075,0.05622332453612758,36397
car_hev,2015,7,24.29758712343222,0.06469307476351349,36429
car_hev,2015,8,26.594641795020735,0.07338572930734072,36268
car_hev,2015,9,28.892196503845703,0.08826365419946529,30777
car_hev,2016,0,7.806110594755179,0.005681935231794966,45257
car_hev,2016,1,10.28638787732535,0.011346534238218563,45257
car_hev,2016,2,12.766665159895522,0.019241108242725284,45257
car_hev,2016,3,15.39454296972872,0.02880167948349418,45257
car_hev,2016,4,17.40006202606176,0.03516261338531814,43057
car_hev,2016,5,19.203289432530294,0.040446120688457515,44222
car_hev,2016,6,21.46044760617231,0.04771474697462456,44368
car_hev,2016,7,23.758741651997944,0.05556950090431124,44058
car_hev,2016,8,25.953818920330455,0.06842047858712623,36901
car_hev,2017,0,7.980824723691224,0.007321159669688776,50838
car_hev,2017,1,10.13374097337587,0.01097424386456644,50838
car_hev,2017,2,12.286657223060518,0.01678984013898709,50838
car_hev,2017,3,14.484262989948183,0.023629131621036817,50839
car_hev,2017,4,16.04362091838756,0.028276483914018612,50006
car_hev,2017,5,18.010766120597545,0.033869195886791256,50001
car_hev,2017,6,20.038913359525825,0.040023505924842794,49533
car_hev,2017,7,21.74591586495548,0.04958882428821138,41584
car_hev,2018,0,8.31778052600426,0.004666293926930104,77683
car_hev,2018,1,10.408772736351322,0.007062010511409529,77683
car_hev,2018,2,12.499764946698384,0.011396155133091732,77683
car_hev,2018,3,14.68864472719431,0.016866165859245934,77697
car_hev,2018,4,16.807248668032447,0.021453112696129227,76794
car_hev,2018,5,19.01310032052953,0.026287174744158835,76221
car_hev,2018,6,21.063738414854253,0.033882847901970714,64246
car_hev,2019,0,8.59339291011327,0.004375824381533533,102000
car_hev,2019,1,10.716489197581263,0.006516096777031175,102000
car_hev,2019,2,12.839585485049254,0.010535708961783657,102000
car_hev,2019,3,15.082678605898064,0.01562645036812522,102017
car_hev,2019,4,17.40157117807559,0.020133222882411872,100265
car_hev,2019,5,19.514919690435843,0.026597404183127744,83012
car_hev,2020,0,8.968593465538964,0.003269516066096917,173711
car_hev,2020,1,10.948955404731109,0.00533377716667502,173711
car_hev,2020,2,12.929317343923248,0.008760874215605466,173711
car_hev,2020,3,14.939909064936053,0.012557527525649271,173733
car_hev,2020,4,16.881809099639565,0.0171418004347794,138414
car_hev,2021,0,8.7954254501587,0.0029379119048806735,255089
car_hev,2021,1,10.742529849724328,0.004714911573351926,255089
car_hev,2021,2,12.689634249289956,0.007593756517895511,255089
car_hev,2021,3,14.632794496658878,0.010737539660994125,255089
car_bev,2012,0,7.885592937842085,0.050935620662848236,499
car_bev,2012,1,8.679869235563775,0.056506709772998626,499
car_bev,2012,2,9.393044235571264,0.06554703515738802,499
car_bev,2012,3,10.016560395071341,0.07563263682174058,499
car_bev,2012,4,10.639474837850512,0.08911041675122991,464
car_bev,2012,5,11.157282406121391,0.09935110121524393,435
car_bev,2012,6,11.625598342872255,0.10138870177841135,482
car_bev,2012,7,12.042841674348354,0.11053790258658021,471
car_bev,2012,8,12.271059664208563,0.11636436674254375,450
car_bev,2012,9,12.636535578939897,0.11817998567127139,476
car_bev,2012,10,12.880776620339434,0.12160903156721127,470
car_bev,2012,11,13.111329679828927,0.12270783096929017,462
car_bev,2012,12,13.515463917295174,0.14605001756005767,325
car_bev,2013,0,8.42456038414591,0.01834044130323962,1124
car_bev,2013,1,9.422424822493817,0.02694756479792513,1124
car_bev,2013,2,10.293297089515706,0.03847966721763528,1124
car_bev,2013,3,11.04872243577976,0.04943709710687902,1124
car_bev,2013,4,11.674222945890442,0.06181362001495221,919
car_bev,2013,5,12.324501611490366,0.06282324287597311,1083
car_bev,2013,6,12.853513566353177,0.06682686169075445,1084
car_bev,2013,7,13.234688258499615,0.07329136526256862,1008
car_bev,2013,8,13.612467780716178,0.07357946927522843,1081
car_bev,2013,9,14.064549268370302,0.0777521460713671,1087
car_bev,2013,10,14.382316364349139,0.08006735967169083,1077
car_bev,2013,11,14.709213461792935,0.08604022322402316,898
car_bev,2014,0,8.902219857834968,0.030125260328697924,3752
car_bev,2014,1,9.807450003934559,0.03512388184114265,3752
car_bev,2014,2,10.588228352451932,0.04061394473581526,3752
car_bev,2014,3,11.2999955039813,0.04636757832499687,3752
car_bev,2014,4,11.953612825600471,0.05175822549597437,3627
car_bev,2014,5,12.591566825489293,0.05760815291052133,3578
car_bev,2014,6,13.075521134596762,0.0626799821005976,3441
car_bev,2014,7,13.466322791052976,0.06368611236193397,3632
car_bev,2014,8,13.983121237597768,0.06821228016909166,3618
car_bev,2014,9,14.295975030364898,0.06891950278132145,3561
car_bev,2014,10,14.398832643848458,0.07551553250672337,2738
car_bev,2015,0,9.145652623310783,0.026428454935697916,6651
car_bev,2015,1,9.937899769182215,0.030458117129902214,6651
car_bev,2015,2,10.654399993598188,0.034723521825548304,6651
car_bev,2015,3,11.327375145335214,0.039122796740929694,6651
car_bev,2015,4,11.932515040633726,0.043289280025580634,6398
car_bev,2015,5,12.429589943831498,0.046937773671261555,6112
car_bev,2015,6,12.85227236678852,0.04882290673980074,6399
car_bev,2015,7,13.38306559923991,0.05208335380230929,6402
car_bev,2015,8,13.713670268172212,0.054006484496806687,6317
car_bev,2015,9,13.788380843319239,0.059597692853425824,4905
car_bev,2016,0,9.740745074578927,0.02981310078411403,7355
car_bev,2016,1,10.594937787512587,0.03352323426362707,7355
car_bev,2016,2,11.392806327735993,0.037689526764983376,7355
car_bev,2016,3,12.134332883492267,0.04205646363673433,7355
car_bev,2016,4,12.640071928013192,0.04651968278144344,6725
car_bev,2016,5,13.157045226939331,0.04830006537379553,7081
car_bev,2016,6,13.785448176577997,0.05219184322869304,7116
car_bev,2016,7,14.272165821114337,0.05571804903102459,7002
car_bev,2016,8,14.299967330256093,0.06179496135860839,5695
car_bev,2017,0,10.52854305728581,0.035349182223214294,7710
car_bev,2017,1,11.365044649857278,0.03866779330211212,7710
car_bev,2017,2,12.135839767034712,0.04231042290302507,7710
car_bev,2017,3,12.847605661453319,0.0461338206558738,7710
car_bev,2017,4,13.344168825038187,0.04963950380278132,7453
car_bev,2017,5,14.048181446645067,0.05315043466312706,7493
car_bev,2017,6,14.571572807906641,0.05672263025354885,7405
car_bev,2017,7,14.655782272481803,0.06486891355067063,5859
car_bev,2018,0,10.374622124526294,0.024065195740606588,12387
car_bev,2018,1,11.037896192777742,0.02582887711420986,12387
car_bev,2018,2,11.641059783913482,0.02782959235288766,12387
car_bev,2018,3,12.310039726646895,0.030401284915859302,12389
car_bev,2018,4,12.949648024794143,0.033269879515556516,12055
car_bev,2018,5,13.511295316248304,0.03549128542185508,11979
car_bev,2018,6,13.777399895901416,0.040719702062916724,9688
car_bev,2019,0,10.94292186435337,0.012471307448019664,31534
car_bev,2019,1,11.550208166756384,0.013271151387239001,31534
car_bev,2019,2,12.206560472614662,0.014428117284669322,31534
car_bev,2019,3,12.886995226280971,0.01592849001085138,31535
car_bev,2019,4,13.462329861958251,0.01746993097256583,30574
car_bev,2019,5,13.810602616864266,0.02019649465595797,25316
car_bev,2020,0,11.265326345119663,0.007478304543947604,94447
car_bev,2020,1,11.979457277939462,0.008080836624750884,94447
car_bev,2020,2,12.702190386156156,0.008870079169988433,94447
car_bev,2020,3,13.316145436605606,0.0096657437481587,94448
car_bev,2020,4,13.725089133916859,0.011246509240118562,75051
car_bev,2021,0,11.296735459993869,0.005352542081906856,145886
car_bev,2021,1,12.085496148197327,0.0058801639497716805,145886
car_bev,2021,2,12.7476416076724,0.006486132896726134,145886
car_bev,2021,3,13.288153454404853,0.007076276926032463,145886
car_diesel,2005,0,9.12697500781293,0.0071264477910399126,38739
car_diesel,2005,1,14.213258479879938,0.01846357491036305,38739
car_diesel,2005,2,19.299541951946946,0.03246357136981123,38739
car_diesel,2005,3,24.431404924274474,0.046994311477902916,38739
car_diesel,2005,4,28.60927619326005,0.05706312516244123,37643
car_diesel,2005,5,32.51977704124399,0.06516767266947607,37701
car_diesel,2005,6,36.19741870037273,0.07268775229448037,37644
car_diesel,2005,7,39.70278764856411,0.07952346137697586,37604
car_diesel,2005,8,43.05046388113749,0.08596159576692715,37493
car_diesel,2005,9,46.29105819547156,0.09154793419421069,37533
car_diesel,2005,10,49.49182517716259,0.09740993608578684,37481
car_diesel,2005,11,52.45422220978632,0.10344987664576728,36752
car_diesel,2005,12,55.61549696279542,0.11371221606901377,33437
car_diesel,2005,13,58.36996936321537,0.11364940093086179,36847
car_diesel,2005,14,61.09028239011963,0.11938633983723565,36158
car_diesel,2005,15,63.56755409227311,0.12715300153886006,34209
car_diesel,2005,16,65.83428677043149,0.12742948358733303,36286
car_diesel,2005,17,68.31009225958167,0.13169545341209843,36365
car_diesel,2005,18,70.63117299444585,0.13832107177062644,35177
car_diesel,2005,19,71.96581778222307,0.17873357634210085,22833
car_diesel,2006,0,9.108708220221791,0.005773358920493831,53161
car_diesel,2006,1,14.107934544253089,0.015375018648143361,53161
car_diesel,2006,2,19.10716086828439,0.027131068434536696,53161
car_diesel,2006,3,24.14734183842429,0.039308481052092045,53161
car_diesel,2006,4,28.39204805979503,0.04794664455979239,51854
car_diesel,2006,5,32.2791714217557,0.05470759331251708,51841
car_diesel,2006,6,35.98376446265328,0.06080096194812536,51726
car_diesel,2006,7,39.51058067468149,0.06649849775961564,51655
car_diesel,2006,8,42.96450817780893,0.07201157351678213,51645
car_diesel,2006,9,46.27423413383603,0.07703445923944578,51402
car_diesel,2006,10,49.47493550076951,0.08238863351630057,50761
car_diesel,2006,11,52.78956281451513,0.09127725421443457,45732
car_diesel,2006,12,55.60641444759901,0.09133656225224991,50791
car_diesel,2006,13,58.408387668777415,0.09587722308146565,49938
car_diesel,2006,14,60.915204187191456,0.10282899550889117,47099
car_diesel,2006,15,63.36084662043112,0.10360637489891658,49950
car_diesel,2006,16,65.91973239828411,0.106886700988765,50073
car_diesel,2006,17,68.38103071761131,0.11226251250400404,48598
car_diesel,2006,18,70.02793899416695,0.1424379878643247,32325
car_diesel,2007,0,8.972203302721192,0.005125635274984994,73079
car_diesel,2007,1,13.938387778124364,0.013081381302625,73079
car_diesel,2007,2,18.904572253527537,0.02294933601631267,73079
car_diesel,2007,3,23.90944584182236,0.033172585543886385,73079
car_diesel,2007,4,28.16259034607528,0.04031731266956551,71359
car_diesel,2007,5,32.124990709055346,0.04602444567030202,71238
car_diesel,2007,6,35.88789861876813,0.051091931386019966,71185
car_diesel,2007,7,39.56489718886786,0.05597801773226814,71064
car_diesel,2007,8,43.06831220422264,0.06099867308773443,70833
car_diesel,2007,9,46.39075912517769,0.06537538376560403,69781
car_diesel,2007,10,49.83860939857682,0.0732056798149137,62947
car_diesel,2007,11,52.837444353187,0.07303670556635397,69740
car_diesel,2007,12,55.85379679512616,0.07690298610457895,69055
car_diesel,2007,13,58.363749624338375,0.08175432029730505,64923
car_diesel,2007,14,60.92074850644475,0.08276854619041255,68935
car_diesel,2007,15,63.53186890028162,0.08562833624361507,69005
car_diesel,2007,16,66.11344484103564,0.09057939037811398,67196
car_diesel,2007,17,67.96916932935542,0.11516694390397092,45596
car_diesel,2008,0,8.713072851548704,0.004332613874752935,90902
car_diesel,2008,1,13.517564583661942,0.011447392627181441,90902
car_diesel,2008,2,18.322056315775182,0.020181209774259523,90902
car_diesel,2008,3,23.158742201572075,0.02921804581157123,90902
car_diesel,2008,4,27.249783284577816,0.03531435767684813,88985
car_diesel,2008,5,31.04402591425921,0.04017298565409791,88735
car_diesel,2008,6,34.70809341651489,0.04457467354448175,88610
car_diesel,2008,7,38.199178266794135,0.048660469226661486,88256
car_diesel,2008,8,41.556309280837716,0.052749233085341296,87280
car_diesel,2008,9,44.941159053603734,0.059479837906451206,78206
car_diesel,2008,10,47.95999081521443,0.05999639982216139,87130
car_diesel,2008,11,50.97526984188639,0.06342117142532396,86459
car_diesel,2008,12,53.448562475226446,0.06844372755519676,80699
car_diesel,2008,13,55.97653804446205,0.06877847647330886,86114
car_diesel,2008,14,58.61308310767268,0.07192151757629475,86511
car_diesel,2008,15,61.18992818560495,0.07559863797586229,84458
car_diesel,2008,16,62.87342837264216,0.09263033766593379,60116
car_diesel,2009,0,8.579962182040545,0.0038043709149105137,116856
car_diesel,2009,1,13.09905620714123,0.009756688197141839,116856
car_diesel,2009,2,17.618150232241916,0.017101673046322187,116856
car_diesel,2009,3,22.163473110688926,0.02468902687878729,116856
car_diesel,2009,4,26.061180824160253,0.02983672752783024,114477
car_diesel,2009,5,29.78186716116397,0.033930152558603516,114324
car_diesel,2009,6,33.36022495215485,0.037714184162235515,114096
car_diesel,2009,7,36.77833897228059,0.0415761474569702,112337
car_diesel,2009,8,40.238471015442194,0.04744821480368416,100827
car_diesel,2009,9,43.320749637152225,0.04796739627546504,112602
car_diesel,2009,10,46.373151891040024,0.05137127439573511,111189
car_diesel,2009,11,48.85793405596967,0.055265406403130136,105786
car_diesel,2009,12,51.393881428947424,0.05631647011976235,111439
car_diesel,2009,13,54.04882561905648,0.05886517604387079,111776
car_diesel,2009,14,56.617263645011036,0.06199803121770631,109347
car_diesel,2009,15,58.33223234574619,0.07488616469073575,78921
car_diesel,2010,0,8.560685120011996,0.0034558168963883702,135078
car_diesel,2010,1,13.06497388837433,0.009301341898152685,135078
car_diesel,2010,2,17.56926265673667,0.01641115674520977,135078
car_diesel,2010,3,22.107809915117024,0.02377855903502171,135078
car_diesel,2010,4,26.049146343157926,0.02868703197532007,132344
car_diesel,2010,5,29.773799640288374,0.03250793914268324,132057
car_diesel,2010,6,33.32973397545037,0.036242272214442976,130392
car_diesel,2010,7,36.878377736824994,0.042062829616420584,116345
car_diesel,2010,8,40.078312717373564,0.04276227767146994,130256
car_diesel,2010,9,43.22398654213263,0.04597778861663839,129027
car_diesel,2010,10,45.858286156639046,0.049686958558029994,122559
car_diesel,2010,11,48.335922787973175,0.05069415023120856,129259
car_diesel,2010,12,51.04717744580898,0.05329203087129395,129517
car_diesel,2010,13,53.62688948450784,0.055652259618478674,127156
car_diesel,2010,14,55.34221873624907,0.06620406955603043,94509
car_diesel,2011,0,8.179543887255969,0.0028210694409030916,148505
car_diesel,2011,1,12.36257858937539,0.00763715039067391,148505
car_diesel,2011,2,16.54561329149481,0.013707599184851763,148505
car_diesel,2011,3,20.764906991608598,0.020027748696204984,148505
car_diesel,2011,4,24.389175846056133,0.024068614907544948,145532
car_diesel,2011,5,27.770931795262296,0.027241198275537434,143652
car_diesel,2011,6,31.08935111061751,0.03198467522468798,127508
car_diesel,2011,7,34.138587091368215,0.03279071582165134,143274
car_diesel,2011,8,37.11717990974937,0.035492378998819823,142351
car_diesel,2011,9,39.5860982489976,0.03864840545801956,134680
car_diesel,2011,10,41.929068423506294,0.039559515189475855,142710
car_diesel,2011,11,44.440140015444534,0.041601421887705464,142949
car_diesel,2011,12,46.905475449590426,0.04410808554372434,140594
car_diesel,2011,13,48.65892566963393,0.051411365671112964,107286
car_diesel,2012,0,8.295761003491988,0.0025590492302379197,162146
car_diesel,2012,1,12.310841520621656,0.0068167414546091275,162146
car_diesel,2012,2,16.325922037751326,0.01224651686857489,162146
car_diesel,2012,3,20.374300485931034,0.01791596555584842,162146
car_diesel,2012,4,23.893697880484037,0.021728373944313078,157752
car_diesel,2012,5,27.268165409948043,0.02639607117320012,138578
car_diesel,2012,6,30.393325107224005,0.027468552562819906,157020
car_diesel,2012,7,33.43020693520566,0.030184935122375477,155906
car_diesel,2012,8,35.98076556787206,0.03318492248539472,148154
car_diesel,2012,9,38.28682888807657,0.0343170388417541,155843
car_diesel,2012,10,40.86133026636219,0.03640192006614657,156555
car_diesel,2012,11,43.36148533636681,0.03874483312188574,154356
car_diesel,2012,12,45.25649673345442,0.04484148275667369,120398
car_diesel,2013,0,8.367024548566464,0.0023630831895563517,173162
car_diesel,2013,1,12.18438380827668,0.006309178706480841,173162
car_diesel,2013,2,16.001743067986897,0.011331736171002907,173162
car_diesel,2013,3,19.853732637656215,0.01661902034440399,173162
car_diesel,2013,4,23.25271816903408,0.021570323726921362,147390
car_diesel,2013,5,26.40751979169069,0.02293601858481297,168302
car_diesel,2013,6,29.48544389078649,0.02572570531527032,167309
car_diesel,2013,7,32.04109854157001,0.028487262020174355,159536
car_diesel,2013,8,34.34921238915513,0.029886430219021903,167040
car_diesel,2013,9,36.93265761638294,0.03207660253973355,167593
car_diesel,2013,10,39.47504568178312,0.034328772248288814,165715
car_diesel,2013,11,41.5554292058189,0.039970121552307954,132558
car_diesel,2014,0,8.586592168628894,0.0023914871275626413,181050
car_diesel,2014,1,12.27937108629516,0.006117103681494046,181050
car_diesel,2014,2,15.972150003961428,0.010901971957964576,181050
car_diesel,2014,3,19.703705553369883,0.015983586348461528,181050
car_diesel,2014,4,22.953360616675035,0.01943704266306923,176531
car_diesel,2014,5,26.06585054853245,0.022295851672568364,175557
car_diesel,2014,6,28.701867638826283,0.02513392038083866,167659
car_diesel,2014,7,31.014238658172605,0.026625970577846724,175127
car_diesel,2014,8,33.61623645543141,0.028926356275825904,175456
car_diesel,2014,9,36.194502881598616,0.03126651042913219,173745
car_diesel,2014,10,38.374453144834334,0.036589322230840785,141086
car_diesel,2015,0,8.350847725641788,0.0025061734833039737,188287
car_diesel,2015,1,11.732581405505575,0.005766079600366937,188287
car_diesel,2015,2,15.114315085369357,0.010082068800280652,188287
car_diesel,2015,3,18.539236874246466,0.014724071418273532,188287
car_diesel,2015,4,21.563529652752887,0.01806008210180499,183471
car_diesel,2015,5,24.07153408507115,0.02088627741166754,174491
car_diesel,2015,6,26.31535796055544,0.022526564803297216,182697
car_diesel,2015,7,28.834880614431388,0.024866084503303562,182728
car_diesel,2015,8,31.337382864509784,0.02721710990868332,180964
car_diesel,2015,9,33.563032183018535,0.032169452537104536,148273
car_diesel,2016,0,8.492036416646352,0.002634350283949219,193083
car_diesel,2016,1,11.840122826485466,0.005740317417462171,193083
car_diesel,2016,2,15.188209236324578,0.009944039347613839,193083
car_diesel,2016,3,18.573912504568646,0.014494872303898176,193083
car_diesel,2016,4,21.26056125125513,0.017810942466601705,180724
car_diesel,2016,5,23.537759160038913,0.019699235856587095,187269
car_diesel,2016,6,26.203440230225834,0.022179022319066682,188156
car_diesel,2016,7,28.847463935352433,0.024859478873580473,185834
car_diesel,2016,8,31.223078948275223,0.029895712091133866,152491
car_diesel,2017,0,8.577937743851958,0.002631550999951755,147408
car_diesel,2017,1,11.890852948517063,0.006183361101814079,147408
car_diesel,2017,2,15.20376815318217,0.011006089764445403,147408
car_diesel,2017,3,18.5533820190267,0.01613728959932775,147411
car_diesel,2017,4,20.972094167639277,0.019303844490052062,144440
car_diesel,2017,5,23.808130732171776,0.022528602936005396,144255
car_diesel,2017,6,26.66254744665849,0.02592800676832865,142452
car_diesel,2017,7,29.191160322760286,0.03212827370889055,114525
car_diesel,2018,0,8.67525826225993,0.0024946662898755285,198142
car_diesel,2018,1,11.874122515827898,0.005390774701334117,198142
car_diesel,2018,2,15.072986769395868,0.009429842174095118,198142
car_diesel,2018,3,18.321100962857187,0.01378193435905227,198167
car_diesel,2018,4,21.404672951826743,0.017284655019153435,194665
car_diesel,2018,5,24.512071305528973,0.020509250384064287,192619
car_diesel,2018,6,27.424138732837875,0.025482393349928918,159918
car_diesel,2019,0,9.621437143967219,0.003300834467321723,212535
car_diesel,2019,1,13.137174407561705,0.0063480238634716375,212535
car_diesel,2019,2,16.65291167115619,0.0106960272692629,212535
car_diesel,2019,3,20.263931895715647,0.01559082874397861,212545
car_diesel,2019,4,23.919458259196528,0.019926052539045155,206942
car_diesel,2019,5,27.256823165419434,0.025970517611832333,169928
car_diesel,2020,0,9.549969123808948,0.003051882323565692,208332
car_diesel,2020,1,13.153676722101583,0.006326474961886762,208332
car_diesel,2020,2,16.75738432039422,0.010888434217770622,208332
car_diesel,2020,3,20.40599622830195,0.015733967464768243,208332
car_diesel,2020,4,23.839060982367307,0.02159399650834358,166176
car_diesel,2021,0,9.55161747289629,0.0031627792851600047,205758
car_diesel,2021,1,13.491299830988964,0.006852180332304231,205758
car_diesel,2021,2,17.43098218908164,0.011933238258616967,205758
car_diesel,2021,3,21.37034024260184,0.017222257002131557,205758
car_petrol,2005,0,7.300932565032675,0.005919559091431622,51352
car_petrol,2005,1,10.695307392721643,0.012442299856958968,51352
car_petrol,2005,2,14.089682220410612,0.02061518112395614,51352
car_petrol,2005,3,17.51301812884421,0.029217501263360812,51352
car_petrol,2005,4,20.430702823929256,0.03547926011357415,50201
car_petrol,2005,5,23.22167013797336,0.04101406999703006,50257
car_petrol,2005,6,25.89727167300338,0.046177545826734855,50241
car_petrol,2005,7,28.473889550300846,0.05118639047463767,50094
car_petrol,2005,8,30.959229364340118,0.05581223097484015,50055
car_petrol,2005,9,33.39728966212792,0.06026786449954039,49978
car_petrol,2005,10,35.768273433286126,0.06433867667622264,49894
car_petrol,2005,11,38.01585709695714,0.06870806482570534,49145
car_petrol,2005,12,40.38156745034172,0.07601836413514437,44289
car_petrol,2005,13,42.42394068430946,0.07565117165226558,49167
car_petrol,2005,14,44.499452178398066,0.07952079380306654,48496
car_petrol,2005,15,46.286298465538856,0.08464963188356635,45799
car_petrol,2005,16,48.11172287833281,0.08492066870193027,48477
car_petrol,2005,17,50.017992011198714,0.08747793614913767,48728
car_petrol,2005,18,51.933056344795006,0.09135912734607064,47839
car_petrol,2005,19,52.92533217702722,0.11416654818258125,33094
car_petrol,2006,0,7.069837057097314,0.004754370551038759,72262
car_petrol,2006,1,10.303243122238483,0.009932562253233867,72262
car_petrol,2006,2,13.53664918737965,0.01647345084007636,72262
car_petrol,2006,3,16.792620808136842,0.023343423088655384,72262
car_petrol,2006,4,19.632015869747637,0.02843792774971899,70796
car_petrol,2006,5,22.336738481206577,0.03276861337650251,70829
car_petrol,2006,6,24.990694026189463,0.037062662873279535,70680
car_petrol,2006,7,27.52002134003246,0.04096612007214178,70685
car_petrol,2006,8,29.998249619357264,0.044770146616645946,70484
car_petrol,2006,9,32.42508603653829,0.04838676244478868,70263
car_petrol,2006,10,34.769504905758716,0.05213955955748376,69352
car_petrol,2006,11,37.219233418260266,0.05832945812136121,62213
car_petrol,2006,12,39.28457875662086,0.0583751578043406,69291
car_petrol,2006,13,41.44769704876735,0.06159716723307251,68573
car_petrol,2006,14,43.216085060313326,0.06566493879496739,64739
car_petrol,2006,15,45.062570236479,0.06642106951307766,68453
car_petrol,2006,16,47.01817805458316,0.06855555578679555,68865
car_petrol,2006,17,48.9816577245082,0.07214802228148247,67338
car_petrol,2006,18,50.03992980306794,0.08901453680790435,47152
car_petrol,2007,0,7.032570163158847,0.003906846898133401,93141
car_petrol,2007,1,10.251449727195293,0.008299481112856128,93141
car_petrol,2007,2,13.47032929123174,0.013879256226618043,93141
car_petrol,2007,3,16.71189133254454,0.019727249086905436,93141
car_petrol,2007,4,19.561641183622275,0.023975279237690827,91421
car_petrol,2007,5,22.35045952858589,0.02773980109249276,91407
car_petrol,2007,6,25.043845855539153,0.03134694533640267,91311
car_petrol,2007,7,27.66049761001847,0.03476470306132835,91050
car_petrol,2007,8,30.222420355741143,0.03806604205344788,90761
car_petrol,2007,9,32.66875994423973,0.04133577158199989,89566
car_petrol,2007,10,35.23787824412803,0.04677399879629994,80166
car_petrol,2007,11,37.4371119898076,0.04710527994192954,89514
car_petrol,2007,12,39.64479726347985,0.04985162642121963,88766
car_petrol,2007,13,41.53976022811807,0.053652329729840034,83753
car_petrol,2007,14,43.3848274517184,0.05410284321311307,88779
car_petrol,2007,15,45.42441310573122,0.056291965092345686,89066
car_petrol,2007,16,47.43348886872173,0.059295326642975786,87328
car_petrol,2007,17,48.72463493453692,0.07250328678330835,62461
car_petrol,2008,0,6.8797789405911445,0.003535951448908128,113832
car_petrol,2008,1,10.011769316532632,0.0073254036690637864,113832
car_petrol,2008,2,13.14375969247412,0.012202544824033027,113832
car_petrol,2008,3,16.29157241298895,0.01732149855527193,113832
car_petrol,2008,4,19.107418508237902,0.020931643890626513,111853
car_petrol,2008,5,21.842032648252992,0.024227790136869088,111767
car_petrol,2008,6,24.522158770568026,0.027409548105931377,111592
car_petrol,2008,7,27.1216114476426,0.03045488383702927,111271
car_petrol,2008,8,29.644860376194455,0.03353262959051302,110076
car_petrol,2008,9,32.23906136072689,0.03843148393345506,98098
car_petrol,2008,10,34.4846196999119,0.03899232765898526,109732
car_petrol,2008,11,36.772458586350005,0.04156990203610437,109268
car_petrol,2008,12,38.671611561246586,0.04496157159456093,102725
car_petrol,2008,13,40.53803592243031,0.045642633723056554,108475
car_petrol,2008,14,42.56284901294327,0.04756507739065663,109249
car_petrol,2008,15,44.62714798867959,0.05014071500391384,107563
car_petrol,2008,16,46.077145110481595,0.060333462083032155,80034
car_petrol,2009,0,6.567919140929659,0.0026631006807062143,143258
car_petrol,2009,1,9.476176094401566,0.005993108525575713,143258
car_petrol,2009,2,12.384433047873474,0.010225099105302725,143258
car_petrol,2009,3,15.306271014157312,0.014632467749712094,143258
car_petrol,2009,4,17.94133131704158,0.017755947958572122,140900
car_petrol,2009,5,20.562735083333717,0.020680291798444404,140842
car_petrol,2009,6,23.095649149368477,0.023450323175441122,140529
car_petrol,2009,7,25.576854930067878,0.026327818253032178,138726
car_petrol,2009,8,28.120183006324005,0.030607425299193664,123438
car_petrol,2009,9,30.312188993672866,0.031304830060782066,138856
car_petrol,2009,10,32.55807513591352,0.0337569987677032,137555
car_petrol,2009,11,34.395495545408934,0.03636506660175225,132160
car_petrol,2009,12,36.23900898112531,0.03750517574079765,137617
car_petrol,2009,13,38.21337958527125,0.03937566482854785,138020
car_petrol,2009,14,40.19183720691686,0.041798046778461245,135407
car_petrol,2009,15,41.60193741962036,0.050361780498784134,99817
car_petrol,2010,0,6.55851017290172,0.002625626668744224,156044
car_petrol,2010,1,9.528652383876567,0.005775309908094603,156044
car_petrol,2010,2,12.498794594851416,0.009821213807473753,156044
car_petrol,2010,3,15.485741772550114,0.014045606872974794,156044
car_petrol,2010,4,18.21515842578776,0.017058398311071955,153547
car_petrol,2010,5,20.88355016216044,0.019833385862498824,153208
car_petrol,2010,6,23.483930538315626,0.022624243982887895,151819
car_petrol,2010,7,26.125854274198563,0.02680637554889914,134116
car_petrol,2010,8,28.486120758498608,0.02767155942207387,151228
car_petrol,2010,9,30.81547259541169,0.03005452455431656,150449
car_petrol,2010,10,32.829693229514824,0.03285256628842333,143051
car_petrol,2010,11,34.66425351568422,0.03378790392499392,150244
car_petrol,2010,12,36.6919121199159,0.03574475698031975,150527
car_petrol,2010,13,38.765816227776924,0.038076635035186525,148690
car_petrol,2010,14,40.399394383708604,0.04477158179930731,115290
car_petrol,2011,0,6.5344563857681015,0.0024632913599382206,169544
car_petrol,2011,1,9.276510176482237,0.005084448527357993,169544
car_petrol,2011,2,12.018563967196373,0.008524229110136065,169544
car_petrol,2011,3,14.777882410035403,0.01214493617326082,169544
car_petrol,2011,4,17.28556403929379,0.014729199589253717,166807
car_petrol,2011,5,19.763332013081868,0.017261813944830194,165145
car_petrol,2011,6,22.255732451796263,0.020937635839442845,145303
car_petrol,2011,7,24.532077444071472,0.021941127649360147,164611
car_petrol,2011,8,26.789645633325012,0.02415767146005398,163923
car_petrol,2011,9,28.664658185554217,0.026573969701257326,156435
car_petrol,2011,10,30.42817713627567,0.027648896128305716,163741
car_petrol,2011,11,32.35777723330422,0.029419713865766656,164126
car_petrol,2011,12,34.319636779087396,0.03148512553431812,161969
car_petrol,2011,13,36.032825513145134,0.03745192016322144,125863
car_petrol,2012,0,6.3735822007761005,0.002500828119469513,179737
car_petrol,2012,1,8.980522817086419,0.00480270125400022,179737
car_petrol,2012,2,11.587463433396739,0.00789330668356074,179737
car_petrol,2012,3,14.20465085356421,0.011160637409106318,179737
car_petrol,2012,4,16.605709792798063,0.01360302489587789,175673
car_petrol,2012,5,19.040388044251422,0.017047556752954617,153498
car_petrol,2012,6,21.299673326077755,0.018166132588114593,175309
car_petrol,2012,7,23.516749364649687,0.02034376878234916,174438
car_petrol,2012,8,25.401794006415617,0.022641877620027243,167551
car_petrol,2012,9,27.093420743601285,0.02382270087311969,174085
car_petrol,2012,10,28.989782322064585,0.025543048950154947,174903
car_petrol,2012,11,30.895152120289005,0.027531001923593333,172428
car_petrol,2012,12,32.66588318468357,0.0329722044804595,135128
car_petrol,2013,0,6.4542099943461375,0.00252395916897302,189090
car_petrol,2013,1,9.000526423956096,0.004649440333543352,189090
car_petrol,2013,2,11.546842853566057,0.007537500616041064,189090
car_petrol,2013,3,14.103177795042756,0.010615388156407739,189090
car_petrol,2013,4,16.48276907789178,0.01394767156017093,160660
car_petrol,2013,5,18.746016932928068,0.015210786066607654,184791
car_petrol,2013,6,20.968877252426978,0.01738190684569493,184348
car_petrol,2013,7,22.870631129513267,0.019584806617233275,177319
car_petrol,2013,8,24.552383294796904,0.020912778026623693,183595
car_petrol,2013,9,26.443896326764524,0.02268979535078101,184063
car_petrol,2013,10,28.361209858044766,0.024645288372078866,182154
car_petrol,2013,11,30.143233335988356,0.029468513049074763,145649
car_petrol,2014,0,6.457338962888058,0.0024435300153117048,194058
car_petrol,2014,1,8.913929805971748,0.004459559007611439,194058
car_petrol,2014,2,11.370520649055438,0.007233354660253763,194058
car_petrol,2014,3,13.835227492081978,0.010193224766994635,194058
car_petrol,2014,4,16.0801431217232,0.012456208936313731,190269
car_petrol,2014,5,18.296640264843752,0.01459775063449937,189528
car_petrol,2014,6,20.21372311071125,0.0167465663739771,183096
car_petrol,2014,7,21.869636110522244,0.018121844618038258,188770
car_petrol,2014,8,23.765533527830712,0.01993490627218807,189313
car_petrol,2014,9,25.684189667648646,0.02195479282940387,187085
car_petrol,2014,10,27.462088001437817,0.026461159879439637,150069
car_petrol,2015,0,6.451376712919098,0.002523531440613432,199029
car_petrol,2015,1,8.803878846915373,0.004325738588303931,199029
car_petrol,2015,2,11.15638098091165,0.006874711140496125,199029
car_petrol,2015,3,13.519075959349996,0.009614801531275169,199029
car_petrol,2015,4,15.676304691552257,0.011698843196730034,195079
car_petrol,2015,5,17.59031718129081,0.013727007928757024,187908
car_petrol,2015,6,19.23231646389252,0.01508814862634416,194186
car_petrol,2015,7,21.1366436987962,0.016889928945382788,194276
car_petrol,2015,8,23.052683476333673,0.01875840140541509,192361
car_petrol,2015,9,24.91789638542697,0.02309592778936837,153535
car_petrol,2016,0,6.73913239161812,0.0023217669674157337,200955
car_petrol,2016,1,9.091468364699388,0.004115582724746543,200955
car_petrol,2016,2,11.443804337780655,0.00666608069631403,200955
car_petrol,2016,3,13.798069802780308,0.009386015862524846,200955
car_petrol,2016,4,15.737520118800433,0.011489138570568767,191082
car_petrol,2016,5,17.40619022038428,0.012937253218078636,196205
car_petrol,2016,6,19.37867620880888,0.014774393765540877,196953
car_petrol,2016,7,21.36816940561769,0.01674029772985109,194785
car_petrol,2016,8,23.2564928776246,0.02090199799717999,155972
car_petrol,2017,0,6.851293656219399,0.002454092703304462,157582
car_petrol,2017,1,9.171640310336716,0.004540206993129868,157582
car_petrol,2017,2,11.491986964454036,0.007467000989058463,157582
car_petrol,2017,3,13.819521136864061,0.010580009889233022,157588
car_petrol,2017,4,15.521712487499375,0.012544528447547627,155177
car_petrol,2017,5,17.598814171020397,0.01474422880198971,155200
car_petrol,2017,6,19.71681334064663,0.017078062528540897,153614
car_petrol,2017,7,21.733790165714247,0.021647076617030154,121441
car_petrol,2018,0,6.966298551959612,0.002040085494112181,208158
car_petrol,2018,1,9.214575374592675,0.0038386695597923456,208158
car_petrol,2018,2,11.462852197225741,0.006352754835623441,208158
car_petrol,2018,3,13.730779841034105,0.009033067693323028,208196
car_petrol,2018,4,15.910642745349618,0.011172096044634391,205127
car_petrol,2018,5,18.16629059041822,0.013270081901297713,203604
car_petrol,2018,6,20.410391359251726,0.01688390335905123,168637
car_petrol,2019,0,7.726442520143151,0.00240120442271632,216680
car_petrol,2019,1,10.098627120438762,0.0043847782972557415,216680
car_petrol,2019,2,12.470811720734373,0.007116434284639263,216680
car_petrol,2019,3,14.881783678708844,0.010061987602029497,216692
car_petrol,2019,4,17.33924530505733,0.012638308134366522,211945
car_petrol,2019,5,19.736123117747066,0.016255546101456846,175374
car_petrol,2020,0,7.751931218548688,0.0023153903003688848,212454
car_petrol,2020,1,10.196455940742522,0.004484092047394713,212454
car_petrol,2020,2,12.640980662936357,0.007401302791549608,212454
car_petrol,2020,3,15.120797613873012,0.010505853479435279,212454
car_petrol,2020,4,17.50626521528092,0.0141333727083131,170757
car_petrol,2021,0,7.399526371018855,0.0020926148379278044,206321
car_petrol,2021,1,9.94767393748877,0.004568707686115348,206321
car_petrol,2021,2,12.49582150395868,0.007794417683057996,206321
car_petrol,2021,3,15.039203417507936,0.01113966486909037,206321
