,fuel,test_year,age,percentage
0,car_hev,2010,0,1.0
1,car_hev,2010,1,0.9908515130190008
2,car_hev,2010,2,0.9972862957937584
3,car_hev,2010,3,0.98124191461837
4,car_hev,2011,0,1.0
5,car_hev,2011,1,0.9730357973035796
6,car_hev,2011,2,0.9704433497536944
7,car_hev,2011,3,0.94640434192673
8,car_hev,2011,4,0.9528127585425089
9,car_hev,2012,0,1.0
10,car_hev,2012,1,0.9766187050359711
11,car_hev,2012,2,0.9795443979544396
12,car_hev,2012,3,0.9514426460239268
13,car_hev,2012,4,0.923042742701989
14,car_hev,2012,5,0.9369412665001569
15,car_hev,2013,0,1.0
16,car_hev,2013,1,0.9937050359712232
17,car_hev,2013,2,0.9977517985611511
18,car_hev,2013,3,0.9567642956764294
19,car_hev,2013,4,0.9403285132381246
20,car_hev,2013,5,0.9142172496615313
21,car_hev,2013,6,0.9299647864815408
22,car_hev,2014,0,1.0
23,car_hev,2014,1,0.966919091271423
24,car_hev,2014,2,0.9788669064748202
25,car_hev,2014,3,0.954136690647482
26,car_hev,2014,4,0.9494876290508236
27,car_hev,2014,5,0.9346803473961594
28,car_hev,2014,6,0.9059109032705122
29,car_hev,2014,7,0.9221162464605975
30,car_hev,2015,0,1.0
31,car_hev,2015,1,0.976241242765763
32,car_hev,2015,2,0.9569549621363094
33,car_hev,2015,3,0.9608812949640289
34,car_hev,2015,4,0.9459709388512889
35,car_hev,2015,5,0.9435019839233091
36,car_hev,2015,6,0.9275745903691711
37,car_hev,2015,7,0.8969123613469083
38,car_hev,2015,8,0.9133956464373273
39,car_hev,2016,0,1.0
40,car_hev,2016,1,0.9850785340314137
41,car_hev,2016,2,0.9692354553761804
42,car_hev,2016,3,0.9390195296931048
43,car_hev,2016,4,0.9418693498939759
44,car_hev,2016,5,0.9285925440029805
45,car_hev,2016,6,0.9235498334982609
46,car_hev,2016,7,0.9126342807226829
47,car_hev,2016,8,0.8789152774997003
48,car_hev,2016,9,0.8898500263744975
49,car_hev,2018,0,1.0
50,car_hev,2018,1,0.9942589515032484
51,car_hev,2018,2,0.9737013692675504
52,car_hev,2018,3,0.938743455497382
53,car_hev,2018,4,0.9238641988968298
54,car_hev,2018,5,0.9115810264215154
55,car_hev,2018,6,0.9193391801134506
56,car_hev,2018,7,0.903885910363217
57,car_hev,2018,8,0.8944431669958376
58,car_hev,2018,9,0.8811138713465552
59,car_hev,2018,10,0.8391140343760676
60,car_hev,2018,11,0.8493864422665236
61,car_hev,2019,0,0.9604531001589824
62,car_hev,2019,1,0.9882020400639056
63,car_hev,2019,2,0.9820214533917512
64,car_hev,2019,3,0.9465333623125408
65,car_hev,2019,4,0.9226936752088043
66,car_hev,2019,5,0.9117677215387959
67,car_hev,2019,6,0.900839144289659
68,car_hev,2019,7,0.9096640621596513
69,car_hev,2019,8,0.8919513500457039
70,car_hev,2019,9,0.8781293498835923
71,car_hev,2019,10,0.8607075947562295
72,car_hev,2019,11,0.8147141418524492
73,car_hev,2019,12,0.822003758193455
74,car_hev,2020,0,0.9679001962433416
75,car_hev,2020,1,0.9440580286168522
76,car_hev,2020,2,0.9587071402236697
77,car_hev,2020,3,0.9193231605982778
78,car_hev,2020,4,0.935124707142728
79,car_hev,2020,5,0.9153917481405776
80,car_hev,2020,6,0.9055320726471897
81,car_hev,2020,7,0.893600049809495
82,car_hev,2020,8,0.9012067912210155
83,car_hev,2020,9,0.8817965048632588
84,car_hev,2020,10,0.8608766080454624
85,car_hev,2020,11,0.8433986994340783
86,car_hev,2020,12,0.7960248624726564
87,car_hev,2020,13,0.797062842126902
88,car_hev,2021,0,0.95526269393512
89,car_hev,2021,1,1.0
90,car_hev,2021,2,0.9673092209856916
91,car_hev,2021,3,0.949489984023596
92,car_hev,2021,4,0.9096256216383689
93,car_hev,2021,5,0.9280930848622216
94,car_hev,2021,6,0.9102346115313348
95,car_hev,2021,7,0.8992964237555834
96,car_hev,2021,8,0.8871782724480591
97,car_hev,2021,9,0.8921405967747982
98,car_hev,2021,10,0.8714322814296293
99,car_hev,2021,11,0.8438585973888036
100,car_hev,2021,12,0.824450014028776
101,car_hev,2021,13,0.7742207031962315
102,car_hev,2021,14,0.768633686051041
103,car_hev,2022,0,1.0
104,car_hev,2022,1,1.0
105,car_hev,2022,2,0.995864872441828
106,car_hev,2022,3,0.9973171701112878
107,car_hev,2022,4,0.9345223344235888
108,car_hev,2022,5,0.8984972982417523
109,car_hev,2022,6,0.9183258170258987
110,car_hev,2022,7,0.9010047829269425
111,car_hev,2022,8,0.8899259131261206
112,car_hev,2022,9,0.8749185156671363
113,car_hev,2022,10,0.8759026365726178
114,car_hev,2022,11,0.8548913995860585
115,car_hev,2022,12,0.8230848878286064
116,car_hev,2022,13,0.7996709638833809
117,car_hev,2022,14,0.7454945885939573
118,car_hev,2022,15,0.7327048139551674
119,car_bev,2015,0,1.0
120,car_bev,2015,1,0.9047619047619048
121,car_bev,2015,2,0.8346153846153845
122,car_bev,2015,3,0.73125
123,car_bev,2016,0,1.0
124,car_bev,2016,1,0.9279749478079332
125,car_bev,2016,2,0.8294930875576038
126,car_bev,2016,3,0.7653846153846153
127,car_bev,2016,4,0.7108038651315788
128,car_bev,2018,0,1.0
129,car_bev,2018,1,0.9632132132132132
130,car_bev,2018,2,0.918081918081918
131,car_bev,2018,3,0.8486430062630481
132,car_bev,2018,4,0.8275151341969351
133,car_bev,2018,5,0.7320279166158723
134,car_bev,2018,6,0.6699115953947369
135,car_bev,2019,0,1.0
136,car_bev,2019,1,0.9405940594059404
137,car_bev,2019,2,0.9166666666666669
138,car_bev,2019,3,0.868131868131868
139,car_bev,2019,4,0.835426534240949
140,car_bev,2019,5,0.8162279866226398
141,car_bev,2019,6,0.7198982079726929
142,car_bev,2019,7,0.6566817434210526
143,car_bev,2020,0,1.0
144,car_bev,2020,1,0.9708208344695936
145,car_bev,2020,2,0.9148514851485148
146,car_bev,2020,3,0.8581081081081081
147,car_bev,2020,4,0.8605699434523506
148,car_bev,2020,5,0.8260901273996494
149,car_bev,2020,6,0.8078671365676066
150,car_bev,2020,7,0.7114074119224675
151,car_bev,2020,8,0.6410464638157894
152,car_bev,2021,0,1.0
153,car_bev,2021,1,0.9762631077216396
154,car_bev,2021,2,0.9566403054267792
155,car_bev,2021,3,0.9108910891089108
156,car_bev,2021,4,0.8534166079620625
157,car_bev,2021,5,0.8543829141691092
158,car_bev,2021,6,0.8202700296284497
159,car_bev,2021,7,0.800760414020828
160,car_bev,2021,8,0.7047360721687187
161,car_bev,2021,9,0.6290193256578948
162,car_bev,2022,0,1.0
163,car_bev,2022,1,0.9689286870212536
164,car_bev,2022,2,0.9351763584366062
165,car_bev,2022,3,0.9040087264794108
166,car_bev,2022,4,0.894078856554857
167,car_bev,2022,5,0.8411968866514321
168,car_bev,2022,6,0.8426963033007641
169,car_bev,2022,7,0.8064472974218507
170,car_bev,2022,8,0.784247735162137
171,car_bev,2022,9,0.6841155674753139
172,car_bev,2022,10,0.6013569078947367
173,car_diesel,2005,0,0.99925850290521
174,car_diesel,2005,1,1.0
175,car_diesel,2005,2,0.9959833315782348
176,car_diesel,2005,3,0.9600666397415184
177,car_diesel,2005,4,0.9448979591836736
178,car_diesel,2005,5,0.9407337107700364
179,car_diesel,2005,6,0.9340976227317483
180,car_diesel,2005,7,0.929411387740716
181,car_diesel,2005,8,0.9180343511450382
182,car_diesel,2005,9,0.8749134270830198
183,car_diesel,2005,10,0.8144363785782769
184,car_diesel,2005,11,0.7241090466037161
185,car_diesel,2006,0,0.9810040375541178
186,car_diesel,2006,1,1.0
187,car_diesel,2006,2,0.9938727071025
188,car_diesel,2006,3,0.959607660253035
189,car_diesel,2006,4,0.9396219657949367
190,car_diesel,2006,5,0.9206653015951817
191,car_diesel,2006,6,0.907313526305274
192,car_diesel,2006,7,0.8864078644033027
193,car_diesel,2006,8,0.8543619290746259
194,car_diesel,2006,9,0.8122154844594492
195,car_diesel,2006,10,0.7382939724531165
196,car_diesel,2006,11,0.6439266193406977
197,car_diesel,2006,12,0.5420144642059431
198,car_diesel,2007,0,0.9737289652703186
199,car_diesel,2007,1,0.99813931993968
200,car_diesel,2007,2,0.9941652687623076
201,car_diesel,2007,3,0.9579990196331364
202,car_diesel,2007,4,0.9388995664618854
203,car_diesel,2007,5,0.9177700732686984
204,car_diesel,2007,6,0.8911680991455896
205,car_diesel,2007,7,0.8629323270461924
206,car_diesel,2007,8,0.8221379606320905
207,car_diesel,2007,9,0.7571362083058639
208,car_diesel,2007,10,0.6851804372390443
209,car_diesel,2007,11,0.5920292540301452
210,car_diesel,2007,12,0.48841063166726634
211,car_diesel,2007,13,0.39131580237788594
212,car_diesel,2008,0,0.9811031545446036
213,car_diesel,2008,1,0.9887553705692804
214,car_diesel,2008,2,1.0
215,car_diesel,2008,3,0.9587071208032482
216,car_diesel,2008,4,0.937188655203635
217,car_diesel,2008,5,0.9160966364967944
218,car_diesel,2008,6,0.888825610844325
219,car_diesel,2008,7,0.8507298517947934
220,car_diesel,2008,8,0.804702985053093
221,car_diesel,2008,9,0.7340139818311854
222,car_diesel,2008,10,0.6361928842964857
223,car_diesel,2008,11,0.5474979943529578
224,car_diesel,2008,12,0.45189847030484315
225,car_diesel,2008,13,0.3566975811736607
226,car_diesel,2008,14,0.2762735595740249
227,car_diesel,2009,0,0.9945130672214276
228,car_diesel,2009,1,1.0
229,car_diesel,2009,2,1.0
230,car_diesel,2009,3,0.9798608746412416
231,car_diesel,2009,4,0.9416428750306023
232,car_diesel,2009,5,0.9203301460961019
233,car_diesel,2009,6,0.8928807459956216
234,car_diesel,2009,7,0.857923279091734
235,car_diesel,2009,8,0.8049604197745291
236,car_diesel,2009,9,0.7371324413248656
237,car_diesel,2009,10,0.6350756652373276
238,car_diesel,2009,11,0.5186526336984117
239,car_diesel,2009,12,0.42570366690237166
240,car_diesel,2009,13,0.33586777659907624
241,car_diesel,2009,14,0.2574840286053481
242,car_diesel,2009,15,0.1953680116033804
243,car_diesel,2010,0,0.9970085470085472
244,car_diesel,2010,1,1.0
245,car_diesel,2010,2,0.9930263034728072
246,car_diesel,2010,3,0.9742436448263516
247,car_diesel,2010,4,0.9627001464401088
248,car_diesel,2010,5,0.9256093555126801
249,car_diesel,2010,6,0.9001774455537633
250,car_diesel,2010,7,0.8643639438858368
251,car_diesel,2010,8,0.8186858834442543
252,car_diesel,2010,9,0.7465718313150574
253,car_diesel,2010,10,0.6540435849207602
254,car_diesel,2010,11,0.5396869527149664
255,car_diesel,2010,12,0.4148026097244392
256,car_diesel,2010,13,0.3241035796314867
257,car_diesel,2010,14,0.24827623467341176
258,car_diesel,2010,15,0.18595395028256792
259,car_diesel,2010,16,0.13907672480686684
260,car_diesel,2011,0,0.9960180017207528
261,car_diesel,2011,1,1.0
262,car_diesel,2011,2,0.9940839942790274
263,car_diesel,2011,3,0.9590938874847889
264,car_diesel,2011,4,0.9581456891008426
265,car_diesel,2011,5,0.9469449965139264
266,car_diesel,2011,6,0.9061687130971996
267,car_diesel,2011,7,0.8730605542062925
268,car_diesel,2011,8,0.8272125123852538
269,car_diesel,2011,9,0.7673859419116251
270,car_diesel,2011,10,0.6725047133958315
271,car_diesel,2011,11,0.5598006790054371
272,car_diesel,2011,12,0.44054632708076424
273,car_diesel,2011,13,0.31994951520172654
274,car_diesel,2011,14,0.24130020726835152
275,car_diesel,2011,15,0.18136929640153499
276,car_diesel,2011,16,0.13454549607504784
277,car_diesel,2011,17,0.09923008359135724
278,car_diesel,2012,0,0.9952620453385814
279,car_diesel,2012,1,1.0
280,car_diesel,2012,2,0.996939246939247
281,car_diesel,2012,3,0.9643999479911584
282,car_diesel,2012,4,0.9407971944707741
283,car_diesel,2012,5,0.9442000140516958
284,car_diesel,2012,6,0.9281367462364178
285,car_diesel,2012,7,0.8808987410855599
286,car_diesel,2012,8,0.8380751842088409
287,car_diesel,2012,9,0.778888621290316
288,car_diesel,2012,10,0.7043481972429981
289,car_diesel,2012,11,0.5897138387447485
290,car_diesel,2012,12,0.46417295881671217
291,car_diesel,2012,13,0.35237636895250807
292,car_diesel,2012,14,0.24543692816795407
293,car_diesel,2012,15,0.1781407995090867
294,car_diesel,2012,16,0.13228910584475911
295,car_diesel,2012,17,0.09929150978615033
296,car_diesel,2012,18,0.07253388812091331
297,car_diesel,2013,0,1.0
298,car_diesel,2013,1,1.0
299,car_diesel,2013,2,0.9993050806327076
300,car_diesel,2013,3,0.9654770154770156
301,car_diesel,2013,4,0.9468678089015256
302,car_diesel,2013,5,0.9248563219774205
303,car_diesel,2013,6,0.9273625567604622
304,car_diesel,2013,7,0.9051636062343645
305,car_diesel,2013,8,0.8500342160135594
306,car_diesel,2013,9,0.7951391275755133
307,car_diesel,2013,10,0.7217348830966139
308,car_diesel,2013,11,0.6317799588492725
309,car_diesel,2013,12,0.5050207004729687
310,car_diesel,2013,13,0.37615752072480785
311,car_diesel,2013,14,0.2760414896843964
312,car_diesel,2013,15,0.18831205464537457
313,car_diesel,2013,16,0.13295706056030002
314,car_diesel,2013,17,0.09908395650837118
315,car_diesel,2013,18,0.07463104321010824
316,car_diesel,2013,19,0.05531620364507578
317,car_diesel,2014,0,1.0
318,car_diesel,2014,1,0.9932722819923954
319,car_diesel,2014,2,0.985473743400706
320,car_diesel,2014,3,0.947186128085773
321,car_diesel,2014,4,0.9491328230178285
322,car_diesel,2014,5,0.9328389224763468
323,car_diesel,2014,6,0.9083440147582315
324,car_diesel,2014,7,0.9072911597862844
325,car_diesel,2014,8,0.8769310688346494
326,car_diesel,2014,9,0.8118343557621098
327,car_diesel,2014,10,0.7429957765219097
328,car_diesel,2014,11,0.6561567499668458
329,car_diesel,2014,12,0.5551218443828998
330,car_diesel,2014,13,0.4214907297654365
331,car_diesel,2014,14,0.300546661397072
332,car_diesel,2014,15,0.2136567383345748
333,car_diesel,2014,16,0.14482545242764008
334,car_diesel,2014,17,0.10077904117361323
335,car_diesel,2014,18,0.07561991369470221
336,car_diesel,2014,19,0.057367850415569556
337,car_diesel,2014,20,0.042666476275072744
338,car_diesel,2015,0,0.9980075965679792
339,car_diesel,2015,1,0.9958407141120488
340,car_diesel,2015,2,0.985734569607105
341,car_diesel,2015,3,0.9447377463996752
342,car_diesel,2015,4,0.9287805896382726
343,car_diesel,2015,5,0.9342325918303684
344,car_diesel,2015,6,0.9160529444527078
345,car_diesel,2015,7,0.8858909427478098
346,car_diesel,2015,8,0.8786437521170635
347,car_diesel,2015,9,0.8367741583646611
348,car_diesel,2015,10,0.7573032106302621
349,car_diesel,2015,11,0.6732481724887226
350,car_diesel,2015,12,0.5762301153015859
351,car_diesel,2015,13,0.4692956302738148
352,car_diesel,2015,14,0.337300419138618
353,car_diesel,2015,15,0.23253969135237842
354,car_diesel,2015,16,0.16272083949514934
355,car_diesel,2015,17,0.10977293036921934
356,car_diesel,2015,18,0.0762000654531636
357,car_diesel,2015,19,0.057549202667762235
358,car_diesel,2015,20,0.04485138599604699
359,car_diesel,2015,21,0.033829236181862295
360,car_diesel,2016,0,1.0
361,car_diesel,2016,1,1.0
362,car_diesel,2016,2,0.9868622138862838
363,car_diesel,2016,3,0.93887877719437
364,car_diesel,2016,4,0.9190620180221307
365,car_diesel,2016,5,0.9086285402431992
366,car_diesel,2016,6,0.9116726377677985
367,car_diesel,2016,7,0.8878946250757271
368,car_diesel,2016,8,0.8486506494829853
369,car_diesel,2016,9,0.8286170230626447
370,car_diesel,2016,10,0.7674918226563623
371,car_diesel,2016,11,0.6723999985258932
372,car_diesel,2016,12,0.5715803819321807
373,car_diesel,2016,13,0.4713756810037599
374,car_diesel,2016,14,0.3663851237093682
375,car_diesel,2016,15,0.24922682513324362
376,car_diesel,2016,16,0.16890537728612318
377,car_diesel,2016,17,0.1157299669424388
378,car_diesel,2016,18,0.07914526966748164
379,car_diesel,2016,19,0.05545554969763137
380,car_diesel,2016,20,0.04346032140905342
381,car_diesel,2016,21,0.03378146106307126
382,car_diesel,2016,22,0.025510283529506093
383,car_diesel,2018,0,1.0
384,car_diesel,2018,1,1.0
385,car_diesel,2018,2,0.9889516285586476
386,car_diesel,2018,3,0.944322921965612
387,car_diesel,2018,4,0.9159977613297765
388,car_diesel,2018,5,0.9000141504623481
389,car_diesel,2018,6,0.8817128575817799
390,car_diesel,2018,7,0.86592112296964
391,car_diesel,2018,8,0.8626762888092413
392,car_diesel,2018,9,0.8245926486826727
393,car_diesel,2018,10,0.7577925280751463
394,car_diesel,2018,11,0.705423788348713
395,car_diesel,2018,12,0.6120544513736627
396,car_diesel,2018,13,0.50088142348292
397,car_diesel,2018,14,0.38984201311359645
398,car_diesel,2018,15,0.3022420621714774
399,car_diesel,2018,16,0.21768588951455922
400,car_diesel,2018,17,0.1416580580979274
401,car_diesel,2018,18,0.09449469032866889
402,car_diesel,2018,19,0.06565847945721201
403,car_diesel,2018,20,0.04617961959919904
404,car_diesel,2018,21,0.0336803590540347
405,car_diesel,2018,22,0.027289039024289318
406,car_diesel,2018,23,0.020831900988893946
407,car_diesel,2018,24,0.01631287758756642
408,car_diesel,2019,0,1.0
409,car_diesel,2019,1,0.995117329835301
410,car_diesel,2019,2,0.9885035153695224
411,car_diesel,2019,3,0.9449607103368528
412,car_diesel,2019,4,0.9233476550458226
413,car_diesel,2019,5,0.8998573088181708
414,car_diesel,2019,6,0.8823700867925959
415,car_diesel,2019,7,0.860161159650364
416,car_diesel,2019,8,0.8395592568720848
417,car_diesel,2019,9,0.8295790403049662
418,car_diesel,2019,10,0.7800505373885465
419,car_diesel,2019,11,0.6931611042256992
420,car_diesel,2019,12,0.6248236363531491
421,car_diesel,2019,13,0.5216884415411123
422,car_diesel,2019,14,0.4111509767522623
423,car_diesel,2019,15,0.30614841147316735
424,car_diesel,2019,16,0.2328196418694582
425,car_diesel,2019,17,0.16308204349056254
426,car_diesel,2019,18,0.10500010533093601
427,car_diesel,2019,19,0.07154873745909072
428,car_diesel,2019,20,0.0496760652700083
429,car_diesel,2019,21,0.036212857521817056
430,car_diesel,2019,22,0.026387024041037006
431,car_diesel,2019,23,0.021608179048607137
432,car_diesel,2019,24,0.0158513009603642
433,car_diesel,2019,25,0.012825418027919745
434,car_diesel,2020,0,0.9978625511719742
435,car_diesel,2020,1,0.993110852643822
436,car_diesel,2020,2,0.9777874945343245
437,car_diesel,2020,3,0.9277203237410072
438,car_diesel,2020,4,0.9280444847982477
439,car_diesel,2020,5,0.9124780139314113
440,car_diesel,2020,6,0.8887139441719908
441,car_diesel,2020,7,0.8691131957109981
442,car_diesel,2020,8,0.8435243356506286
443,car_diesel,2020,9,0.8167750015189881
444,car_diesel,2020,10,0.7987486557326492
445,car_diesel,2020,11,0.7383819399868652
446,car_diesel,2020,12,0.6348639804032018
447,car_diesel,2020,13,0.5557795759891299
448,car_diesel,2020,14,0.45052816108841287
449,car_diesel,2020,15,0.3436498595818097
450,car_diesel,2020,16,0.24717592559125967
451,car_diesel,2020,17,0.18679331302981103
452,car_diesel,2020,18,0.12849929391425444
453,car_diesel,2020,19,0.08315436451491039
454,car_diesel,2020,20,0.05788523662819333
455,car_diesel,2020,21,0.04054457085810186
456,car_diesel,2020,22,0.029978219211030752
457,car_diesel,2020,23,0.022054695697986917
458,car_diesel,2020,24,0.017181987533811824
459,car_diesel,2020,25,0.012698364594477545
460,car_diesel,2020,26,0.010075859231523219
461,car_diesel,2021,0,1.0
462,car_diesel,2021,1,1.0
463,car_diesel,2021,2,0.9931466404222956
464,car_diesel,2021,3,0.9383326045765924
465,car_diesel,2021,4,0.9136792631296334
466,car_diesel,2021,5,0.9181440117388158
467,car_diesel,2021,6,0.9015568135016659
468,car_diesel,2021,7,0.8754700129018901
469,car_diesel,2021,8,0.8532764564009316
470,car_diesel,2021,9,0.8214292360604287
471,car_diesel,2021,10,0.7854621998293099
472,car_diesel,2021,11,0.7580434392375556
473,car_diesel,2021,12,0.6857590631056971
474,car_diesel,2021,13,0.5667662119432623
475,car_diesel,2021,14,0.4826627383452254
476,car_diesel,2021,15,0.37812935879508125
477,car_diesel,2021,16,0.2798249993865378
478,car_diesel,2021,17,0.19726393415481483
479,car_diesel,2021,18,0.14810266498565092
480,car_diesel,2021,19,0.10153623290137068
481,car_diesel,2021,20,0.0661248643945977
482,car_diesel,2021,21,0.04747814754323468
483,car_diesel,2021,22,0.03322466194382448
484,car_diesel,2021,23,0.024964530902773455
485,car_diesel,2021,24,0.018779245841850208
486,car_diesel,2021,25,0.014620372759501064
487,car_diesel,2021,26,0.0109746438889516
488,car_diesel,2021,27,0.008687903033981242
489,car_diesel,2022,0,1.0
490,car_diesel,2022,1,0.975177891775608
491,car_diesel,2022,2,0.98963880737601
492,car_diesel,2022,3,0.968900420506397
493,car_diesel,2022,4,0.9187376739810998
494,car_diesel,2022,5,0.8980557682924435
495,car_diesel,2022,6,0.9019559680942567
496,car_diesel,2022,7,0.8829720239291601
497,car_diesel,2022,8,0.853498839582182
498,car_diesel,2022,9,0.8265910022668954
499,car_diesel,2022,10,0.7875442611948258
500,car_diesel,2022,11,0.7400379877484148
501,car_diesel,2022,12,0.7003419187412048
502,car_diesel,2022,13,0.6197317466489056
503,car_diesel,2022,14,0.49129909187750115
504,car_diesel,2022,15,0.4044908004460701
505,car_diesel,2022,16,0.30746448707863483
506,car_diesel,2022,17,0.22268268107605715
507,car_diesel,2022,18,0.15358800564842937
508,car_diesel,2022,19,0.1156740003431654
509,car_diesel,2022,20,0.07919487304307803
510,car_diesel,2022,21,0.05187000356816721
511,car_diesel,2022,22,0.03879997809658374
512,car_diesel,2022,23,0.027081823809732394
513,car_diesel,2022,24,0.02062626174485134
514,car_diesel,2022,25,0.015687221177657175
515,car_diesel,2022,26,0.012555397584291491
516,car_diesel,2022,27,0.009510780576218536
517,car_diesel,2022,28,0.007361438566710078
518,car_petrol,2005,0,0.9875039006969244
519,car_petrol,2005,1,1.0
520,car_petrol,2005,2,1.0
521,car_petrol,2005,3,0.9876257413842656
522,car_petrol,2005,4,0.98152454127281
523,car_petrol,2005,5,0.9791403423510988
524,car_petrol,2005,6,0.9718895299983196
525,car_petrol,2005,7,0.9575708850439352
526,car_petrol,2005,8,0.9407078747633748
527,car_petrol,2005,9,0.9170089025488846
528,car_petrol,2005,10,0.8640538315616163
529,car_petrol,2005,11,0.7746022609876324
530,car_petrol,2006,0,0.9638692481397844
531,car_petrol,2006,1,0.99862695468257
532,car_petrol,2006,2,0.9972182312841988
533,car_petrol,2006,3,0.9808378964020922
534,car_petrol,2006,4,0.9757380446742296
535,car_petrol,2006,5,0.9651107021718072
536,car_petrol,2006,6,0.9548818146732757
537,car_petrol,2006,7,0.9349069781739054
538,car_petrol,2006,8,0.892949087989632
539,car_petrol,2006,9,0.8444955288456636
540,car_petrol,2006,10,0.7759719147830104
541,car_petrol,2006,11,0.6907479330619279
542,car_petrol,2006,12,0.5798941529657218
543,car_petrol,2007,0,0.9556982415655836
544,car_petrol,2007,1,0.9874060637470848
545,car_petrol,2007,2,1.0
546,car_petrol,2007,3,0.9809311282976186
547,car_petrol,2007,4,0.968844014978252
548,car_petrol,2007,5,0.9613352949311723
549,car_petrol,2007,6,0.9434559530420629
550,car_petrol,2007,7,0.9213949724417767
551,car_petrol,2007,8,0.8827760411028086
552,car_petrol,2007,9,0.8044093088072305
553,car_petrol,2007,10,0.7239485955482435
554,car_petrol,2007,11,0.626821734443097
555,car_petrol,2007,12,0.5288666799749812
556,car_petrol,2007,13,0.41831691988988484
557,car_petrol,2008,0,0.9863884175181428
558,car_petrol,2008,1,0.9923054446284212
559,car_petrol,2008,2,1.0
560,car_petrol,2008,3,0.9886203668388752
561,car_petrol,2008,4,0.969739296632478
562,car_petrol,2008,5,0.9555199433780158
563,car_petrol,2008,6,0.9431448873829896
564,car_petrol,2008,7,0.9140319867378444
565,car_petrol,2008,8,0.8759685318658994
566,car_petrol,2008,9,0.806534788814603
567,car_petrol,2008,10,0.6833224451823651
568,car_petrol,2008,11,0.5855577325718623
569,car_petrol,2008,12,0.48033959468078896
570,car_petrol,2008,13,0.38614530861311236
571,car_petrol,2008,14,0.2909526985531475
572,car_petrol,2009,0,0.99800161729577
573,car_petrol,2009,1,1.0
574,car_petrol,2009,2,1.0
575,car_petrol,2009,3,0.9891237552289638
576,car_petrol,2009,4,0.9788084903059922
577,car_petrol,2009,5,0.9591650256943051
578,car_petrol,2009,6,0.9401562468406385
579,car_petrol,2009,7,0.9213718863057548
580,car_petrol,2009,8,0.8778293928470009
581,car_petrol,2009,9,0.8183848440174907
582,car_petrol,2009,10,0.7021172805774093
583,car_petrol,2009,11,0.5559284196500067
584,car_petrol,2009,12,0.45101823223117304
585,car_petrol,2009,13,0.3525421290264287
586,car_petrol,2009,14,0.27330526108794145
587,car_petrol,2009,15,0.1978014889555097
588,car_petrol,2010,0,0.991935645448899
589,car_petrol,2010,1,0.995110933477093
590,car_petrol,2010,2,0.9991064014153156
591,car_petrol,2010,3,0.9821234575301
592,car_petrol,2010,4,0.9799752201155129
593,car_petrol,2010,5,0.9688461071124278
594,car_petrol,2010,6,0.9458350356631537
595,car_petrol,2010,7,0.9191946666442599
596,car_petrol,2010,8,0.8889596680816384
597,car_petrol,2010,9,0.8241071854315081
598,car_petrol,2010,10,0.7369965819699775
599,car_petrol,2010,11,0.6014933534058445
600,car_petrol,2010,12,0.44299163338450737
601,car_petrol,2010,13,0.3419536668662357
602,car_petrol,2010,14,0.2548901658731265
603,car_petrol,2010,15,0.19259100820989758
604,car_petrol,2010,16,0.13523430710419795
605,car_petrol,2011,0,0.9937769377924264
606,car_petrol,2011,1,0.9966740798621546
607,car_petrol,2011,2,1.0
608,car_petrol,2011,3,0.9872820161028268
609,car_petrol,2011,4,0.9729104666925456
610,car_petrol,2011,5,0.9710192857412925
611,car_petrol,2011,6,0.9559777876241689
612,car_petrol,2011,7,0.9266556968595916
613,car_petrol,2011,8,0.8895535955468955
614,car_petrol,2011,9,0.8405343424170627
615,car_petrol,2011,10,0.7511894251305267
616,car_petrol,2011,11,0.6383953989759855
617,car_petrol,2011,12,0.49243924608843753
618,car_petrol,2011,13,0.33943575248774754
619,car_petrol,2011,14,0.25010906740129274
620,car_petrol,2011,15,0.179547384782255
621,car_petrol,2011,16,0.13274166423910314
622,car_petrol,2011,17,0.09190511268445654
623,car_petrol,2012,0,0.9999455319890628
624,car_petrol,2012,1,0.9999308548643602
625,car_petrol,2012,2,1.0
626,car_petrol,2012,3,0.9903426993967672
627,car_petrol,2012,4,0.9794703900294471
628,car_petrol,2012,5,0.96477168537561
629,car_petrol,2012,6,0.9602279796167575
630,car_petrol,2012,7,0.9395088857149934
631,car_petrol,2012,8,0.9012774466079765
632,car_petrol,2012,9,0.8465108584223382
633,car_petrol,2012,10,0.7780741764459149
634,car_petrol,2012,11,0.6640578560922559
635,car_petrol,2012,12,0.5330719733724762
636,car_petrol,2012,13,0.3912641148304138
637,car_petrol,2012,14,0.2549809916715915
638,car_petrol,2012,15,0.18031118812651342
639,car_petrol,2012,16,0.12575867992996353
640,car_petrol,2012,17,0.09189807524245597
641,car_petrol,2012,18,0.06445818857043764
642,car_petrol,2013,0,1.0
643,car_petrol,2013,1,1.0
644,car_petrol,2013,2,1.0
645,car_petrol,2013,3,0.991815431468013
646,car_petrol,2013,4,0.9839578393695988
647,car_petrol,2013,5,0.972338989822008
648,car_petrol,2013,6,0.9553942747134709
649,car_petrol,2013,7,0.9461907845634255
650,car_petrol,2013,8,0.9176738424807548
651,car_petrol,2013,9,0.865080231545239
652,car_petrol,2013,10,0.7906317860955566
653,car_petrol,2013,11,0.7003306906050405
654,car_petrol,2013,12,0.5679073144111183
655,car_petrol,2013,13,0.4323937977498266
656,car_petrol,2013,14,0.30263698248177834
657,car_petrol,2013,15,0.18934126658791442
658,car_petrol,2013,16,0.12996376596159856
659,car_petrol,2013,17,0.08882561507895946
660,car_petrol,2013,18,0.0650029572050412
661,car_petrol,2013,19,0.045340438560314646
662,car_petrol,2014,0,1.0
663,car_petrol,2014,1,0.9935972283368107
664,car_petrol,2014,2,0.9894223122760004
665,car_petrol,2014,3,0.9756609122548228
666,car_petrol,2014,4,0.9860951211131768
667,car_petrol,2014,5,0.9774351003052987
668,car_petrol,2014,6,0.9636825671086701
669,car_petrol,2014,7,0.9428326001152109
670,car_petrol,2014,8,0.9275764895895556
671,car_petrol,2014,9,0.8857722191340183
672,car_petrol,2014,10,0.8151976377311142
673,car_petrol,2014,11,0.720530763799471
674,car_petrol,2014,12,0.6122978031470573
675,car_petrol,2014,13,0.47144001443154027
676,car_petrol,2014,14,0.3422187375457474
677,car_petrol,2014,15,0.23045518617149371
678,car_petrol,2014,16,0.14236355537609166
679,car_petrol,2014,17,0.09592546601933559
680,car_petrol,2014,18,0.06385678250363286
681,car_petrol,2014,19,0.04776965986659738
682,car_petrol,2014,20,0.03317459764478177
683,car_petrol,2015,0,1.0
684,car_petrol,2015,1,0.9938422214476588
685,car_petrol,2015,2,0.9837777309878836
686,car_petrol,2015,3,0.969421658659869
687,car_petrol,2015,4,0.969936388018156
688,car_petrol,2015,5,0.9791843962646082
689,car_petrol,2015,6,0.9682131139371543
690,car_petrol,2015,7,0.9501767922542735
691,car_petrol,2015,8,0.9233159669370243
692,car_petrol,2015,9,0.8980972470320333
693,car_petrol,2015,10,0.8361802744394998
694,car_petrol,2015,11,0.745774490348597
695,car_petrol,2015,12,0.6317849091975639
696,car_petrol,2015,13,0.5144157991353002
697,car_petrol,2015,14,0.37477690023110816
698,car_petrol,2015,15,0.2614087997930401
699,car_petrol,2015,16,0.17083435827851398
700,car_petrol,2015,17,0.1054387150948827
701,car_petrol,2015,18,0.07029991909693666
702,car_petrol,2015,19,0.04638027771384602
703,car_petrol,2015,20,0.0351697979780091
704,car_petrol,2015,21,0.02515148243184276
705,car_petrol,2016,0,1.0
706,car_petrol,2016,1,0.998210261169296
707,car_petrol,2016,2,0.9871571440062202
708,car_petrol,2016,3,0.968014853664606
709,car_petrol,2016,4,0.9610584150806074
710,car_petrol,2016,5,0.9598271218129782
711,car_petrol,2016,6,0.9670379545719264
712,car_petrol,2016,7,0.9523146003479092
713,car_petrol,2016,8,0.9253320910700485
714,car_petrol,2016,9,0.8877081135928293
715,car_petrol,2016,10,0.8451716968370043
716,car_petrol,2016,11,0.7574884457740061
717,car_petrol,2016,12,0.6451237439420539
718,car_petrol,2016,13,0.5192175655200262
719,car_petrol,2016,14,0.4014495082276526
720,car_petrol,2016,15,0.277290214454731
721,car_petrol,2016,16,0.186071177948173
722,car_petrol,2016,17,0.1193194728334595
723,car_petrol,2016,18,0.07446176800491716
724,car_petrol,2016,19,0.04980235035800116
725,car_petrol,2016,20,0.032595401396217784
726,car_petrol,2016,21,0.025353850528107322
727,car_petrol,2016,22,0.018636800324333763
728,car_petrol,2018,0,0.9994052066181645
729,car_petrol,2018,1,1.0
730,car_petrol,2018,2,0.9890765128868062
731,car_petrol,2018,3,0.9701047328649076
732,car_petrol,2018,4,0.9644339494201535
733,car_petrol,2018,5,0.9545363181086468
734,car_petrol,2018,6,0.9442530758906947
735,car_petrol,2018,7,0.9391163209177322
736,car_petrol,2018,8,0.938984204157692
737,car_petrol,2018,9,0.9142387739400444
738,car_petrol,2018,10,0.8589716692935927
739,car_petrol,2018,11,0.7902510029007443
740,car_petrol,2018,12,0.7106570746673417
741,car_petrol,2018,13,0.5865939212880046
742,car_petrol,2018,14,0.46091586596786543
743,car_petrol,2018,15,0.3429451973112419
744,car_petrol,2018,16,0.24472008828498668
745,car_petrol,2018,17,0.15781474352479982
746,car_petrol,2018,18,0.10368173083115725
747,car_petrol,2018,19,0.06478917679777686
748,car_petrol,2018,20,0.042679792865577534
749,car_petrol,2018,21,0.028903149761339945
750,car_petrol,2018,22,0.01891120585510288
751,car_petrol,2018,23,0.015171852044745086
752,car_petrol,2018,24,0.011039981423798893
753,car_petrol,2019,0,1.0
754,car_petrol,2019,1,1.0
755,car_petrol,2019,2,0.9934156508558074
756,car_petrol,2019,3,0.9777167326492688
757,car_petrol,2019,4,0.9631898194141331
758,car_petrol,2019,5,0.9570586411975497
759,car_petrol,2019,6,0.9459323832375096
760,car_petrol,2019,7,0.9331497242206439
761,car_petrol,2019,8,0.9244193154306869
762,car_petrol,2019,9,0.9174355948928343
763,car_petrol,2019,10,0.8841228104065811
764,car_petrol,2019,11,0.8055410246624708
765,car_petrol,2019,12,0.718591362685976
766,car_petrol,2019,13,0.6249327515268757
767,car_petrol,2019,14,0.49292667988471245
768,car_petrol,2019,15,0.37224929329125167
769,car_petrol,2019,16,0.26859865136882477
770,car_petrol,2019,17,0.18558920114891747
771,car_petrol,2019,18,0.11705658937820437
772,car_petrol,2019,19,0.0767678862298708
773,car_petrol,2019,20,0.047267371602341575
774,car_petrol,2019,21,0.03192169075121442
775,car_petrol,2019,22,0.02233360008853911
776,car_petrol,2019,23,0.014195989488391361
777,car_petrol,2019,24,0.011694367226870117
778,car_petrol,2019,25,0.008525926248082301
779,car_petrol,2020,0,1.0
780,car_petrol,2020,1,0.9873833415198934
781,car_petrol,2020,2,0.9797625178619354
782,car_petrol,2020,3,0.9571385713383438
783,car_petrol,2020,4,0.9722531138012622
784,car_petrol,2020,5,0.9582823091167596
785,car_petrol,2020,6,0.9510847371962317
786,car_petrol,2020,7,0.9385699557471067
787,car_petrol,2020,8,0.9234854221234536
788,car_petrol,2020,9,0.9110773170102991
789,car_petrol,2020,10,0.8958501143825958
790,car_petrol,2020,11,0.8531636635306598
791,car_petrol,2020,12,0.7532952896042773
792,car_petrol,2020,13,0.6516560520976038
793,car_petrol,2020,14,0.5498297926822118
794,car_petrol,2020,15,0.41894686744209014
795,car_petrol,2020,16,0.3083900184960376
796,car_petrol,2020,17,0.21690967809769146
797,car_petrol,2020,18,0.14683808427322945
798,car_petrol,2020,19,0.0914106856881111
799,car_petrol,2020,20,0.05966068047706603
800,car_petrol,2020,21,0.036502680031496884
801,car_petrol,2020,22,0.025102238266847023
802,car_petrol,2020,23,0.01790130565863635
803,car_petrol,2020,24,0.011276246969502291
804,car_petrol,2020,25,0.009266870899710917
805,car_petrol,2020,26,0.006897255721205031
806,car_petrol,2021,0,1.0
807,car_petrol,2021,1,0.990163478707139
808,car_petrol,2021,2,0.9847589642832084
809,car_petrol,2021,3,0.9642906363563828
810,car_petrol,2021,4,0.9522168278568601
811,car_petrol,2021,5,0.9669987196959122
812,car_petrol,2021,6,0.9523167792750055
813,car_petrol,2021,7,0.9439150958047378
814,car_petrol,2021,8,0.9290180481860288
815,car_petrol,2021,9,0.9098735902048206
816,car_petrol,2021,10,0.8915844999951953
817,car_petrol,2021,11,0.8649098721870998
818,car_petrol,2021,12,0.8124044989386193
819,car_petrol,2021,13,0.6907199956302312
820,car_petrol,2021,14,0.5804841906957697
821,car_petrol,2021,15,0.4764035932143785
822,car_petrol,2021,16,0.3545936925653582
823,car_petrol,2021,17,0.25299598649595584
824,car_petrol,2021,18,0.17562944295685942
825,car_petrol,2021,19,0.11748976758574348
826,car_petrol,2021,20,0.07223241052799205
827,car_petrol,2021,21,0.04683183079766354
828,car_petrol,2021,22,0.028169771195029777
829,car_petrol,2021,23,0.020079129363727636
830,car_petrol,2021,24,0.014516122857804502
831,car_petrol,2021,25,0.008952199044984387
832,car_petrol,2021,26,0.007744869234269795
833,car_petrol,2021,27,0.005727673530762947
834,car_petrol,2022,0,1.0
835,car_petrol,2022,1,0.9657337385445378
836,car_petrol,2022,2,0.9806797891563044
837,car_petrol,2022,3,0.972514209529156
838,car_petrol,2022,4,0.9562580175997846
839,car_petrol,2022,5,0.9437667385016519
840,car_petrol,2022,6,0.9567514624135328
841,car_petrol,2022,7,0.9405415885422316
842,car_petrol,2022,8,0.9291501305108475
843,car_petrol,2022,9,0.910929574371373
844,car_petrol,2022,10,0.8874599002823211
845,car_petrol,2022,11,0.8619012178495707
846,car_petrol,2022,12,0.8238669087571876
847,car_petrol,2022,13,0.7616278919949832
848,car_petrol,2022,14,0.6260272243638225
849,car_petrol,2022,15,0.5124034219961252
850,car_petrol,2022,16,0.41116292516384345
851,car_petrol,2022,17,0.2988657070892138
852,car_petrol,2022,18,0.2107047287878581
853,car_petrol,2022,19,0.1444808229929125
854,car_petrol,2022,20,0.09502919805343804
855,car_petrol,2022,21,0.057966768614594155
856,car_petrol,2022,22,0.03680754302102912
857,car_petrol,2022,23,0.02207410247418997
858,car_petrol,2022,24,0.015641495405607535
859,car_petrol,2022,25,0.011661667868967426
860,car_petrol,2022,26,0.007106384808905133
861,car_petrol,2022,27,0.006290298022360941
862,car_petrol,2022,28,0.0046346060630600835
