,fuel,test_year,age,y_mean,y_lower,y_upper,n
0,car_hev,2010,3,56167.412834752984,55739.421007588964,56595.404661917004,5870
1,car_hev,2011,3,58245.66,57802.86323314611,58688.456766853895,5726
2,car_hev,2011,4,71709.49968861847,71182.76360637625,72236.23577086069,5588
3,car_hev,2012,3,55900.08293131423,55442.77762131706,56357.388241311404,5547
4,car_hev,2012,4,74092.63180422984,73500.65428621211,74684.60932224756,5343
5,car_hev,2012,5,85843.5218675253,85243.99808598662,86443.04564906398,5435
6,car_hev,2013,3,57404.432204301076,57010.83726915549,57798.02713944666,8556
7,car_hev,2013,4,72476.64195175041,71920.74345691215,73032.54044658867,5513
8,car_hev,2013,5,89831.09916443595,89189.0487203379,90473.14960853399,5230
9,car_hev,2013,6,100456.25751120239,99766.72613227274,101145.78889013204,5356
10,car_hev,2014,3,55970.62272641113,55613.32392002104,56327.92153280122,9496
11,car_hev,2014,4,75312.50936576062,74830.56568368466,75794.45304783658,8388
12,car_hev,2014,5,91852.94386680798,91178.02359292548,92527.86414069048,5661
13,car_hev,2014,6,107379.44141549029,106616.72102019939,108142.1618107812,5242
14,car_hev,2014,7,115645.27949543032,114864.84641531335,116425.7125755473,5252
15,car_hev,2015,3,53674.74171278086,53402.70380762959,53946.77961793213,14999
16,car_hev,2015,4,74924.05160990714,74475.07770171095,75373.02551810333,9690
17,car_hev,2015,5,95830.9027186954,95239.16104832217,96422.64438906864,8585
18,car_hev,2015,6,112068.07104422606,111252.29938351683,112883.84270493529,5698
19,car_hev,2015,7,124425.52945210728,123541.01579276103,125310.04311145353,5220
20,car_hev,2015,8,130150.57650401838,129288.2185844079,131012.93442362885,5226
21,car_hev,2016,3,54305.23254031151,54082.50299679156,54527.96208383146,25489
22,car_hev,2016,4,71642.51382998598,71294.05668814067,71990.9709718313,14987
23,car_hev,2016,5,94074.43254240773,93528.10373048096,94620.76135433449,9727
24,car_hev,2016,6,116627.37156606851,115914.32637338869,117340.41675874834,8582
25,car_hev,2016,7,130932.86529713479,129972.9920903542,131892.73850391537,5654
26,car_hev,2016,8,141254.14625,140247.3921826911,142260.90031730887,5152
27,car_hev,2016,9,144915.82027147568,143959.83418231373,145871.80636063762,5157
28,car_hev,2017,3,54635.90485091862,54414.13471707371,54857.67498476352,29011
29,car_hev,2017,4,71399.72137591329,71095.38043901674,71704.06231280984,21215
30,car_hev,2017,5,89936.68545074204,89473.1331633735,90400.23773811058,12668
31,car_hev,2017,6,114935.90675042487,114212.72471833033,115659.08878251941,8238
32,car_hev,2017,7,138968.72716534356,138057.43086755776,139880.02346312936,7306
33,car_hev,2017,8,151024.4920853081,149840.92724046347,152208.05693015273,4853
34,car_hev,2017,9,157844.74167202573,156627.08479983633,159062.39854421513,4354
35,car_hev,2017,10,158167.6753870968,157069.75939276261,159265.59138143098,4340
36,car_hev,2018,3,54929.76990653537,54734.54621171097,55124.993601359776,41941
37,car_hev,2018,4,71841.00534082107,71555.1897567071,72126.82092493503,28402
38,car_hev,2018,5,87378.24896746062,87034.85730469806,87721.64063022318,24309
39,car_hev,2018,6,107602.29237321821,107075.77536579355,108128.80938064287,14592
40,car_hev,2018,7,134576.203308642,133765.8999041474,135386.5067131366,9315
41,car_hev,2018,8,159481.27416666667,158487.7589148022,160474.78941853115,8280
42,car_hev,2018,9,168919.2378125,167659.01956579485,170179.45605920517,5408
43,car_hev,2018,10,171433.14214140183,170210.38109701188,172655.90318579177,4908
44,car_hev,2018,11,169670.88201729106,168581.1482486887,170760.61578589343,4858
45,car_hev,2019,3,52871.62116634799,52694.597548175225,53048.64478452076,50208
46,car_hev,2019,4,71822.54520320549,71569.07684541681,72076.01356099416,40181
47,car_hev,2019,5,88989.50705232103,88638.09471392492,89340.91939071714,28134
48,car_hev,2019,6,104510.34195055175,104095.47077421931,104925.21312688419,24106
49,car_hev,2019,7,126175.48254343629,125544.00801302728,126806.95707384529,14504
50,car_hev,2019,8,155231.32576054955,154275.6040313425,156187.0474897566,9171
51,car_hev,2019,9,180448.26214250494,179306.09010791848,181590.4341770914,8112
52,car_hev,2019,10,185298.69296788904,183903.14562935638,186694.2403064217,5263
53,car_hev,2019,11,179758.71915181447,178500.2505100978,181017.18779353113,4657
54,car_hev,2019,12,181750.97231341698,180577.1226159263,182924.82201090766,4703
55,car_hev,2020,3,49564.8510560751,49411.520390537946,49718.18172161226,55176
56,car_hev,2020,4,65606.96477731112,65385.3042853975,65828.62526922475,45714
57,car_hev,2020,5,84499.69616523731,84196.23698645414,84803.15534402049,37546
58,car_hev,2020,6,101034.54798574699,100630.47117247077,101438.62479902321,27082
59,car_hev,2020,7,115900.1776012146,115424.55955688085,116375.79564554835,22724
60,car_hev,2020,8,137391.2239757835,136687.26319758085,138095.18475398616,14040
61,car_hev,2020,9,166012.27562499998,164940.2250501022,167084.32619989777,8464
62,car_hev,2020,10,188478.99687082105,187223.74048477566,189734.25325686645,7478
63,car_hev,2020,11,190562.82680905054,189100.92143363945,192024.73218446164,4729
64,car_hev,2020,12,188526.7061497713,187161.04266619252,189892.36963335006,4153
65,car_hev,2020,13,192275.75092837593,191017.6634772922,193533.83837945966,4384
66,car_hev,2021,3,44280.57909843263,44169.97801213224,44391.18018473302,83133
67,car_hev,2021,4,61403.81273831688,61212.423314134205,61595.20216249956,53175
68,car_hev,2021,5,78869.66470515289,78607.20578893987,79132.1236213659,46770
69,car_hev,2021,6,98645.23850356542,98294.48921571956,98995.98779141127,38565
70,car_hev,2021,7,114721.01525159976,114260.90335042769,115181.12715277183,27504
71,car_hev,2021,8,129737.59560126172,129203.05549469248,130272.13570783097,23143
72,car_hev,2021,9,153071.80433231115,152286.9348612286,153856.6738033937,14348
73,car_hev,2021,10,182854.94935335405,181683.41999053827,184026.47871616983,8691
74,car_hev,2021,11,195028.36909813216,193721.5737015581,196335.1644947062,7174
75,car_hev,2021,12,200920.17642233113,199386.51822400905,202453.83462065322,4693
76,car_hev,2021,13,197342.97386250886,195960.87822279436,198725.06950222337,4233
77,car_hev,2021,14,200622.4039756825,199336.03438754383,201908.7735638212,4359
78,car_hev,2022,3,45257.717664883814,45155.0073453173,45360.427984450325,107879
79,car_hev,2022,4,59054.13524942245,58908.315132829906,59199.95536601499,81809
80,car_hev,2022,5,76256.80689801108,76021.04217824209,76492.57161778008,52692
81,car_hev,2022,6,94750.66675984101,94436.34775152401,95064.98576815802,46794
82,car_hev,2022,7,115104.44971889953,114691.36449902676,115517.5349387723,38456
83,car_hev,2022,8,130270.81059674371,129745.24883608322,130796.37235740421,27516
84,car_hev,2022,9,145039.2595044072,144433.51295646233,145645.00605235208,23144
85,car_hev,2022,10,168813.64016691214,167930.08243111614,169697.19790270814,14259
86,car_hev,2022,11,185399.99825800024,184181.94483260583,186618.05168339465,8031
87,car_hev,2022,12,208013.1739251941,206649.0002130778,209377.34763731042,7085
88,car_hev,2022,13,213782.49404545454,212168.05449208306,215396.93359882603,4620
89,car_hev,2022,14,208295.87954036676,206890.59864298458,209701.16043774894,4199
90,car_hev,2022,15,211097.94971887552,209761.90799535962,212433.99144239142,4233
91,car_hev,2023,3,43942.843519616035,43871.20278899101,44014.48425024106,178349
92,car_hev,2023,4,61512.089614136894,61375.91026785039,61648.2689604234,105115
93,car_hev,2023,5,74404.23407021073,74221.65353142905,74586.81460899241,80529
94,car_hev,2023,6,92107.22725743732,91822.29552491553,92392.1589899591,52203
95,car_hev,2023,7,111088.94325925928,110718.65926332033,111459.22725519823,46575
96,car_hev,2023,8,131187.94766986475,130713.3852479778,131662.5100917517,38148
97,car_hev,2023,9,145396.27048683248,144803.39217087938,145989.14880278558,27340
98,car_hev,2023,10,159813.38801404214,159135.47522781222,160491.30080027206,22931
99,car_hev,2023,11,172776.2469488429,171851.71896424776,173700.77493343802,13136
100,car_hev,2023,12,198680.81861052106,197405.7151159595,199955.92210508263,8003
101,car_hev,2023,13,220698.38492730676,219274.81452502572,222121.9553295878,6947
102,car_hev,2023,14,225864.54131832096,224177.57744457,227551.50519207193,4574
103,car_hev,2023,15,219599.4927911548,218125.21752935206,221073.76805295754,4070
104,car_hev,2023,16,221693.84839355468,220301.41893875023,223086.27784835914,4096
105,car_hev,2024,3,45364.287218423124,45308.2753909039,45420.299045942345,268923
106,car_hev,2024,4,58878.32535468569,58778.86192505653,58977.78878431484,148399
107,car_hev,2024,5,77209.06227306192,77028.82317060743,77389.30137551641,91005
108,car_hev,2024,6,89357.36331801741,89123.77595943444,89590.95067660038,71603
109,car_hev,2024,7,105345.37741493087,105000.05362895041,105690.70120091134,46521
110,car_hev,2024,8,125870.90468648319,125422.88902655675,126318.92034640964,40875
111,car_hev,2024,9,146373.30937823988,145811.56811643115,146935.0506400486,33952
112,car_hev,2024,10,160771.36645812474,160081.38017541388,161461.3527408356,24967
113,car_hev,2024,11,164465.41727038237,163742.64886643045,165188.1856743343,19772
114,car_hev,2024,12,182902.39021190457,181878.75362617266,183926.02679763647,11609
115,car_hev,2024,13,213820.13016556294,212375.73841785578,215264.5219132701,6946
116,car_hev,2024,14,234922.140776807,233346.88824385477,236497.39330975924,6295
117,car_hev,2024,15,238350.12154402595,236476.23940541674,240224.00368263517,4009
118,car_hev,2024,16,229348.2075922819,227750.40102808026,230946.01415648352,3576
119,car_hev,2024,17,234220.9823153253,232673.982143899,235767.9824867516,3628
120,car_bev,2015,3,26224.770561797755,25657.186871674654,26792.354251920857,623
121,car_bev,2016,3,36730.08487216947,36162.05686810233,37298.11287623661,1369
122,car_bev,2016,4,35866.133582887705,35067.46908041711,36664.7980853583,561
123,car_bev,2017,3,36027.49770273542,35694.60061102504,36360.3947944458,4131
124,car_bev,2017,4,47852.826407766996,47047.549057097545,48658.103758436446,1030
125,car_bev,2017,5,45616.30237687366,44625.48931068333,46607.11544306399,467
126,car_bev,2018,3,36771.78286333147,36498.77333775391,37044.79238890903,7156
127,car_bev,2018,4,48202.727070312496,47762.30980415226,48643.14433647273,3840
128,car_bev,2018,5,58593.52649878148,57775.71100304676,59411.3419945162,1231
129,car_bev,2018,6,54575.56201160542,53444.91710337781,55706.20691983303,517
130,car_bev,2019,3,43067.144739933916,42768.09116826065,43366.19831160718,8171
131,car_bev,2019,4,49295.435561163904,48950.09216174718,49640.778960580625,6736
132,car_bev,2019,5,60453.92576820129,59910.402891442944,60997.44864495964,3736
133,car_bev,2019,6,69589.0077840909,68676.48256007678,70501.53300810503,1232
134,car_bev,2019,7,63632.50371769384,62344.0679920932,64920.93944329448,503
135,car_bev,2020,3,44028.97053871211,43716.93861992203,44341.00245750218,7982
136,car_bev,2020,4,54969.85720272906,54590.50737909934,55349.207026358774,7182
137,car_bev,2020,5,59739.94113837553,59325.13969378052,60154.74258297054,6439
138,car_bev,2020,6,69863.03422784123,69249.654623689,70476.41383199346,3678
139,car_bev,2020,7,79450.53047313553,78434.78679726172,80466.27414900933,1247
140,car_bev,2020,8,73330.4969168357,71887.68364136983,74773.31019230158,493
141,car_bev,2021,3,38914.16385280073,38695.479496669985,39132.84820893148,13193
142,car_bev,2021,4,54540.5819437442,54166.84919693883,54914.31469054957,7537
143,car_bev,2021,5,64982.4358959925,64545.00311850395,65419.868673481054,7461
144,car_bev,2021,6,68086.00725237132,67613.19301094492,68558.82149379772,6431
145,car_bev,2021,7,78003.13433962263,77337.4150248108,78668.85365443445,3657
146,car_bev,2021,8,85753.9649561753,84706.39294370427,86801.53696864634,1255
147,car_bev,2021,9,78517.12735416667,76974.21758330919,80060.03712502416,480
148,car_bev,2022,3,39757.02421011503,39618.71763089627,39895.330789333784,31992
149,car_bev,2022,4,52307.159271340985,52023.375451224296,52590.94309145767,12722
150,car_bev,2022,5,67858.48296824974,67426.04764079057,68290.9182957089,7496
151,car_bev,2022,6,77223.84936767224,76712.37133102048,77735.32740432401,7591
152,car_bev,2022,7,78462.66700047311,77927.40492870355,78997.92907224268,6341
153,car_bev,2022,8,88267.96251609293,87519.77095304588,89016.15407913997,3573
154,car_bev,2022,9,94834.32777777778,93717.18319926395,95951.47235629162,1242
155,car_bev,2022,10,83554.77853131751,81965.695461926,85143.86160070902,463
156,car_bev,2023,3,42429.41704342097,42345.79908224826,42513.03500459367,94102
157,car_bev,2023,4,53515.36416472212,53333.72499586558,53697.003333578665,30427
158,car_bev,2023,5,65328.964989626555,64986.95816850384,65670.97181074927,12532
159,car_bev,2023,6,80893.04219004406,80376.06284804286,81410.02153204526,7493
160,car_bev,2023,7,89234.52408384679,88653.6843682082,89815.36379948538,7466
161,car_bev,2023,8,88546.6566449873,87941.0854546617,89152.22783531291,6304
162,car_bev,2023,9,97127.26580525415,96312.77923750125,97941.75237300705,3502
163,car_bev,2023,10,102607.09683950616,101404.10976941744,103810.08390959489,1215
164,car_bev,2023,11,90639.06011013215,88988.3302786676,92289.7899415967,454
165,car_bev,2024,3,47323.23383884069,47246.648732181995,47399.81894549939,151676
166,car_bev,2024,4,57335.19350574856,57217.993867133715,57452.39314436341,80020
167,car_bev,2024,5,67237.02793506633,67009.07232803998,67464.98354209268,27967
168,car_bev,2024,6,76821.02437522869,76409.77580265267,77232.27294780471,10932
169,car_bev,2024,7,90901.26414369774,90302.05187281399,91500.4764145815,6458
170,car_bev,2024,8,97671.15492569003,97007.77308619487,98334.5367651852,6594
171,car_bev,2024,9,96909.72607323233,96233.28449300803,97586.16765345664,5544
172,car_bev,2024,10,104190.17602413465,103322.11990764482,105058.23214062447,3149
173,car_bev,2024,11,109387.48703535814,108081.32170027553,110693.65237044074,1103
174,car_bev,2024,12,96481.41848238483,94512.43017568524,98450.40678908443,369
175,car_diesel,2010,3,66945.73541939791,66861.40248866308,67030.06835013274,184288
176,car_diesel,2010,4,86874.0714220898,86770.53433779778,86977.6085063818,170151
177,car_diesel,2010,5,105474.0898158435,105352.87058716227,105595.30904452474,159864
178,car_diesel,2010,6,121933.12361294091,121795.05039461835,122071.19683126347,150747
179,car_diesel,2010,7,141439.24933493233,141273.27975167023,141605.21891819444,122995
180,car_diesel,2010,8,156992.07568977913,156842.0666104936,157142.08476906465,166952
181,car_diesel,2010,9,171945.87076521153,171758.61637327715,172133.1251571459,124593
182,car_diesel,2010,10,185454.5387444934,185217.7571264861,185691.32036250067,85806
183,car_diesel,2010,11,195314.8159767621,195040.10347459497,195589.52847892922,66357
184,car_diesel,2010,12,201298.8209474737,200992.76971384656,201604.87218110083,55991
185,car_diesel,2010,13,205604.13107336292,205266.3470939283,205941.91505279753,46713
186,car_diesel,2010,14,208919.28465228947,208526.02569903363,209312.5436055453,36122
187,car_diesel,2010,15,214304.439936608,213854.99103310058,214753.8888401154,27606
188,car_diesel,2010,16,221759.00424193943,221231.28342090585,222286.725062973,20625
189,car_diesel,2011,3,66285.51317667536,66201.57083365206,66369.45551969866,188436
190,car_diesel,2011,4,85441.39628601112,85338.43165869772,85544.36091332452,174217
191,car_diesel,2011,5,103710.9700885253,103593.04820587115,103828.89197117944,166845
192,car_diesel,2011,6,121502.0499855162,121367.8592278488,121636.2407431836,157417
193,car_diesel,2011,7,136807.81317313318,136658.22232327264,136957.40402299372,146962
194,car_diesel,2011,8,155158.28887840026,154982.84268494765,155333.73507185286,120765
195,car_diesel,2011,9,169664.99986037685,169506.47140539263,169823.52831536107,159644
196,car_diesel,2011,10,182858.56325073313,182660.91149802366,183056.2150034426,115940
197,car_diesel,2011,11,195188.4077893537,194932.13819654583,195444.67738216155,76308
198,car_diesel,2011,12,203918.12702797266,203616.94520584962,204219.3088500957,56305
199,car_diesel,2011,13,209235.1777312658,208886.25473874263,209584.100723789,45078
200,car_diesel,2011,14,212747.78110881406,212359.63811184125,213135.92410578686,35795
201,car_diesel,2011,15,215408.97021036813,214952.77466794726,215865.165752789,26620
202,car_diesel,2011,16,220115.59891194053,219579.5245415343,220651.67328234675,19907
203,car_diesel,2011,17,226867.90724417497,226243.39892264473,227492.41556570522,14678
204,car_diesel,2012,3,62591.89382085756,62511.335145120334,62672.45249659478,192640
205,car_diesel,2012,4,84291.8376275753,84189.88676216661,84393.78849298398,176680
206,car_diesel,2012,5,102493.00090264689,102374.79803126078,102611.203774033,170842
207,car_diesel,2012,6,119778.92118809337,119647.96002934437,119909.88234684238,163270
208,car_diesel,2012,7,136248.52473604208,136102.82003316723,136394.22943891693,153282
209,car_diesel,2012,8,150475.80685104703,150315.90716062143,150635.70654147264,141736
210,car_diesel,2012,9,167677.0098074025,167490.35755012927,167863.66206467574,115474
211,car_diesel,2012,10,180621.78401127743,180453.67355061453,180789.89447194032,148970
212,car_diesel,2012,11,192403.88259377118,192191.41976991462,192616.34541762774,103390
213,car_diesel,2012,12,203730.45794112657,203446.3691886376,204014.54669361556,64851
214,car_diesel,2012,13,211544.21142090682,211198.3107819251,211890.11205988855,45478
215,car_diesel,2012,14,216120.01936412317,215711.0738299288,216528.96489831756,34362
216,car_diesel,2012,15,218408.42899882793,217943.02509997928,218873.8328976766,26449
217,car_diesel,2012,16,220654.1921274259,220115.04035894448,221193.3438959073,19117
218,car_diesel,2012,17,224780.49151515152,224133.1367520032,225427.84627829984,14157
219,car_diesel,2012,18,230435.19360598744,229671.3457980036,231199.04141397128,10355
220,car_diesel,2013,3,61979.51395866847,61899.99708744503,62059.030829891904,198928
221,car_diesel,2013,4,80007.3098883484,79908.66545016337,80105.95432653344,180293
222,car_diesel,2013,5,100979.46121267388,100862.60812234292,101096.31430300484,173270
223,car_diesel,2013,6,118519.94220569222,118388.97945761133,118650.9049537731,168582
224,car_diesel,2013,7,134607.84553884418,134465.54001932585,134750.1510583625,159638
225,car_diesel,2013,8,149894.7325514666,149739.49775981306,150049.9673431201,149126
226,car_diesel,2013,9,162866.91250965057,162697.5553360195,163036.26968328166,136003
227,car_diesel,2013,10,178732.7285635853,178536.4870287014,178928.97009846917,109648
228,car_diesel,2013,11,190588.04733369531,190408.38995813255,190767.70470925808,136301
229,car_diesel,2013,12,200657.50358234238,200425.47195899408,200889.53520569068,90318
230,car_diesel,2013,13,210983.49349131272,210665.64687002046,211301.340112605,53699
231,car_diesel,2013,14,218217.63637623872,217823.06861952454,218612.2041329529,36429
232,car_diesel,2013,15,221446.06752338773,220973.15331556133,221918.98173121412,26189
233,car_diesel,2013,16,223111.52366723344,222563.3925471206,223659.65478734628,19407
234,car_diesel,2013,17,225317.0633118372,224670.89537000688,225963.23125366753,13956
235,car_diesel,2013,18,229832.22101206434,229060.14765813522,230604.29436599347,10444
236,car_diesel,2013,19,234388.74214037435,233451.76981124002,235325.71446950868,7480
237,car_diesel,2014,3,63070.313490731496,62990.53525113272,63150.09173033027,203539
238,car_diesel,2014,4,79589.04217616215,79490.79071155391,79687.2936407704,185772
239,car_diesel,2014,5,96338.08087725576,96224.8902885006,96451.27146601093,176049
240,car_diesel,2014,6,117015.69597315753,116885.4451118957,117145.94683441937,170029
241,car_diesel,2014,7,133680.26289141222,133537.18061297238,133823.34516985205,165037
242,car_diesel,2014,8,148278.8866141039,148127.3205288003,148430.45269940747,155433
243,car_diesel,2014,9,162667.88427517636,162502.68475507837,162833.08379527435,143428
244,car_diesel,2014,10,174175.8401312909,173998.15069505278,174353.529567529,128798
245,car_diesel,2014,11,188690.5661549755,188483.9683680479,188897.1639419031,101487
246,car_diesel,2014,12,199726.47959391656,199531.88711039288,199921.07207744024,121773
247,car_diesel,2014,13,208278.08176475167,208020.79281677178,208535.37071273156,77076
248,car_diesel,2014,14,217531.93806479778,217171.98509197417,217891.8910376214,43520
249,car_diesel,2014,15,224126.98388323703,223662.71208181907,224591.25568465499,28211
250,car_diesel,2014,16,226611.09679814384,226044.148613307,227178.04498298067,19826
251,car_diesel,2014,17,227191.369942069,226539.59422753545,227843.14565660254,14500
252,car_diesel,2014,18,229841.1794386874,229077.86191967566,230604.49695769913,10422
253,car_diesel,2014,19,233705.24353974246,232767.87182643212,234642.6152530528,7687
254,car_diesel,2014,20,238313.54747183985,237199.83390240459,239427.2610412751,5593
255,car_diesel,2015,3,60927.78517054213,60851.58742948508,61003.982911599174,207632
256,car_diesel,2015,4,80774.20463596855,80676.59100263873,80871.81826929837,190066
257,car_diesel,2015,5,95818.1149450682,95707.62063544254,95928.60925469386,182135
258,car_diesel,2015,6,112064.50740099442,111938.05283329348,112190.96196869537,172566
259,car_diesel,2015,7,132061.0634270133,131918.29839869984,132203.82845532673,166311
260,car_diesel,2015,8,147581.21786666746,147429.0006101639,147733.43512317102,161086
261,car_diesel,2015,9,161248.70728283728,161088.00350449735,161409.4110611772,149807
262,car_diesel,2015,10,174058.69800973436,173885.69997815866,174231.69604131006,136424
263,car_diesel,2015,11,184815.34818302275,184625.84511452622,185004.85125151929,119242
264,car_diesel,2015,12,198124.78880036558,197901.61846813725,198347.9591325939,91903
265,car_diesel,2015,13,208351.56419866616,208137.37158184894,208565.7568154834,106460
266,car_diesel,2015,14,215351.20549686812,215061.5443135226,215640.86668021363,63860
267,car_diesel,2015,15,222978.3075968384,222560.09158459323,223396.52360908355,34413
268,car_diesel,2015,16,229463.38617183903,228917.47243722598,230009.29990645207,21718
269,car_diesel,2015,17,230947.7444611842,230288.14721806612,231607.34170430226,15200
270,car_diesel,2015,18,232563.79659476824,231791.8090051438,233335.7841843927,10895
271,car_diesel,2015,19,234495.35795634415,233564.73382132323,235425.98209136506,7834
272,car_diesel,2015,20,239567.20494509267,238454.58158131645,240679.8283088689,5828
273,car_diesel,2015,21,243792.18366120217,242407.73747004615,245176.6298523582,4209
274,car_diesel,2016,3,58865.00271845491,58792.279226231054,58937.72621067877,210627
275,car_diesel,2016,4,78468.50847057615,78375.56243552387,78561.45450562844,194825
276,car_diesel,2016,5,96847.93947036045,96737.63337181728,96958.24556890361,185428
277,car_diesel,2016,6,111547.7402860396,111424.77980058159,111670.7007714976,179171
278,car_diesel,2016,7,126677.58753332225,126539.69349019842,126815.48157644608,168056
279,car_diesel,2016,8,145854.43150107632,145702.21794395146,146006.6450582012,161664
280,car_diesel,2016,9,160343.47246209194,160182.7574352142,160504.18748896968,155376
281,car_diesel,2016,10,172758.86053536515,172590.7812320438,172926.9398386865,142725
282,car_diesel,2016,11,184342.59214483862,184158.10261883395,184527.0816708433,126527
283,car_diesel,2016,12,193736.8322718013,193532.58923827112,193941.0753053315,107505
284,car_diesel,2016,13,206147.35142064182,205904.5575848847,206390.14525639894,80710
285,car_diesel,2016,14,215198.34308965626,214960.62415787313,215436.0620214394,89832
286,car_diesel,2016,15,220800.1152285383,220466.3017626071,221133.92869446953,50823
287,car_diesel,2016,16,227357.89013157896,226869.2540537515,227846.5262094064,26600
288,car_diesel,2016,17,233219.49875265424,232587.91060725116,233851.0868980573,16483
289,car_diesel,2016,18,234235.1174259324,233457.50649988774,235012.72835197707,11476
290,car_diesel,2016,19,236375.24119201195,235424.47915740957,237326.00322661432,8062
291,car_diesel,2016,20,238211.3864684015,237128.93547914943,239293.83745765357,5918
292,car_diesel,2016,21,244636.93119991146,243309.1578434091,245964.7045564138,4517
293,car_diesel,2016,22,246072.91616119407,244522.98748146193,247622.8448409262,3350
294,car_diesel,2017,3,58179.2606314813,58107.283678500105,58251.2375844625,211281
295,car_diesel,2017,4,75819.42607147746,75722.99175041053,75915.86039254439,168025
296,car_diesel,2017,5,94469.57014423313,94354.60589074691,94584.53439771936,161960
297,car_diesel,2017,6,112738.5632420407,112606.00206320507,112871.12442087634,156201
298,car_diesel,2017,7,126470.64208053336,126326.44579225068,126614.83836881604,151043
299,car_diesel,2017,8,140485.31240775177,140327.36206199243,140643.2627535111,141439
300,car_diesel,2017,9,158473.6020307292,158302.55325738035,158644.65080407806,135311
301,car_diesel,2017,10,171935.22134376116,171755.26952019846,172115.17316732387,129078
302,car_diesel,2017,11,182904.25144349452,182714.65256318531,183093.85032380372,115449
303,car_diesel,2017,12,193270.26618331886,193061.5940265168,193478.93834012092,100197
304,car_diesel,2017,13,201342.16568195092,201107.2317662681,201577.09959763376,82176
305,car_diesel,2017,14,212300.3342948579,212012.36247360098,212588.3061161148,59839
306,car_diesel,2017,15,220410.3877346033,220121.51988400146,220699.25558520516,63309
307,car_diesel,2017,16,224749.1314368136,224331.133729931,225167.1291436962,34145
308,car_diesel,2017,17,230899.7961704682,230287.870950033,231511.72139090343,17493
309,car_diesel,2017,18,236093.33393249975,235268.6014745884,236918.0663904111,10637
310,car_diesel,2017,19,236950.82483775014,235976.9211411108,237924.7285343895,7396
311,car_diesel,2017,20,237793.44307967604,236639.7316414098,238947.15451794228,5309
312,car_diesel,2017,21,243221.14968937877,241856.61851600424,244585.6808627533,3992
313,car_diesel,2017,22,247098.54863473444,245441.3476674821,248755.74960198678,3069
314,car_diesel,2017,23,248666.0226582279,246686.42171168723,250645.6236047686,2212
315,car_diesel,2018,3,57249.83645541352,57179.37315493551,57320.29975589153,214482
316,car_diesel,2018,4,74393.6994471631,74305.9811778113,74481.4177165149,198015
317,car_diesel,2018,5,90988.64052684845,90887.43930141348,91089.84175228342,191687
318,car_diesel,2018,6,109362.2066136875,109243.75054270409,109480.6626846709,184475
319,car_diesel,2018,7,126696.23216664494,126562.54625022947,126829.91808306042,176291
320,car_diesel,2018,8,139195.85556252024,139053.4607017503,139338.25042329018,169745
321,car_diesel,2018,9,152042.404429124,151887.2420246891,152197.5668335589,156146
322,car_diesel,2018,10,168873.54062425543,168706.68553538536,169040.3957131255,146895
323,car_diesel,2018,11,181221.85209947554,181045.9307978735,181397.77340107757,135953
324,car_diesel,2018,12,190873.8020618178,190683.97641387986,191063.62770975576,117086
325,car_diesel,2018,13,200124.47294314828,199908.65146142134,200340.29442487523,97253
326,car_diesel,2018,14,206720.35067795945,206472.47988674868,206968.2214691702,76037
327,car_diesel,2018,15,217031.5323163799,216718.2852536157,217344.77937914408,53303
328,car_diesel,2018,16,223614.13349792635,223291.85467178468,223936.41232406802,53769
329,car_diesel,2018,17,227051.84894671314,226575.37745167958,227528.3204417467,28112
330,car_diesel,2018,18,231689.85683718644,231004.10492631898,232375.6087480539,14231
331,car_diesel,2018,19,237028.15008365287,236115.40546225588,237940.89470504987,8607
332,car_diesel,2018,20,237413.30350016413,236315.04645172457,238511.56054860368,6094
333,car_diesel,2018,21,240038.13003561884,238771.77713796662,241304.48293327107,4492
334,car_diesel,2018,22,246111.75306015692,244596.97242700306,247626.53369331078,3441
335,car_diesel,2018,23,248680.84261978362,246844.18380966203,250517.5014299052,2588
336,car_diesel,2018,24,249588.84424097667,247413.69829991346,251763.99018203988,1884
337,car_diesel,2019,3,55842.398001817426,55773.839919547034,55910.95608408782,215691
338,car_diesel,2019,4,73706.02854866862,73618.99268720308,73793.06441013416,201105
339,car_diesel,2019,5,89624.834632838,89524.78628902859,89724.88297664741,193130
340,car_diesel,2019,6,105962.06098949724,105849.02654911281,106075.09542988168,187570
341,car_diesel,2019,7,123402.3289914272,123273.00203350428,123531.65594935013,179521
342,car_diesel,2019,8,139690.2011791718,139547.95966710278,139832.4426912408,170730
343,car_diesel,2019,9,151421.55239273226,151271.63432238926,151571.47046307527,164122
344,car_diesel,2019,10,163220.06547635174,163056.3395482961,163383.79140440738,149165
345,car_diesel,2019,11,178579.80674703722,178404.46893158267,178755.14456249177,137032
346,car_diesel,2019,12,189851.27702289214,189664.5643277428,190037.9897180415,123536
347,car_diesel,2019,13,198594.8065182722,198387.52136713275,198802.09166941166,102834
348,car_diesel,2019,14,206619.43480154165,206381.37556840066,206857.49403468263,82511
349,car_diesel,2019,15,211997.4352252766,211716.79164278225,212278.07880777094,61369
350,car_diesel,2019,16,220551.8733203564,220190.9818834122,220912.76475730058,41869
351,car_diesel,2019,17,226808.21929103567,226425.31576149352,227191.12282057782,40806
352,car_diesel,2019,18,228880.0478524324,228323.2824805354,229436.81322432944,20926
353,car_diesel,2019,19,232624.0772473901,231783.13781480052,233465.01667997966,10441
354,car_diesel,2019,20,237262.5833008658,236193.660046814,238331.5065549176,6468
355,car_diesel,2019,21,237811.2195283222,236540.6995060867,239081.7395505577,4643
356,car_diesel,2019,22,242733.1347262248,241235.8734632172,244230.39598923238,3470
357,car_diesel,2019,23,247765.34129928652,246051.71072275666,249478.97187581638,2663
358,car_diesel,2019,24,249251.63618697994,247215.58362623036,251287.68874772952,2043
359,car_diesel,2019,25,250256.47636363638,247851.9950170129,252660.95771025986,1540
360,car_diesel,2020,3,54420.909834160775,54342.602552691045,54499.217115630505,161542
361,car_diesel,2020,4,70090.31816293881,70004.65396513652,70175.98236074111,190010
362,car_diesel,2020,5,86569.1019657802,86469.9235086614,86668.28042289898,188195
363,car_diesel,2020,6,102414.98386365503,102303.19422324141,102526.77350406864,182977
364,car_diesel,2020,7,117859.0488414838,117735.08357960687,117983.01410336074,176329
365,car_diesel,2020,8,134156.16755982258,134017.3249427623,134295.01017688288,167537
366,car_diesel,2020,9,149522.8433863579,149371.87527398585,149673.81149872998,158040
367,car_diesel,2020,10,160852.1886187769,160693.66812833544,161010.70910921838,151793
368,car_diesel,2020,11,171094.4042204686,170922.18729686164,171266.62114407556,135466
369,car_diesel,2020,12,185443.07165666047,185253.81480486595,185632.328508455,118093
370,car_diesel,2020,13,195987.2510441939,195784.35471307847,196190.14737530932,105354
371,car_diesel,2020,14,203910.01480975648,203677.8523973742,204142.17722213877,84129
372,car_diesel,2020,15,211003.48484122605,210731.04877622088,211275.92090623121,65250
373,car_diesel,2020,16,214969.8067975502,214643.0545625862,215296.5590325142,46861
374,car_diesel,2020,17,222132.74311530573,221713.8648625676,222551.62136804385,31204
375,car_diesel,2020,18,227604.74155186917,227152.52486711298,228056.95823662536,29719
376,car_diesel,2020,19,230454.97577147678,229778.73039947567,231131.2211434779,15412
377,car_diesel,2020,20,232048.36786169244,231077.50038349087,233019.23533989402,7693
378,car_diesel,2020,21,238516.02937880383,237233.67681225686,239798.3819453508,4765
379,car_diesel,2020,22,240018.62258449307,238500.14481901217,241537.10034997397,3521
380,car_diesel,2020,23,241579.48164952532,239836.05312197024,243322.9101770804,2528
381,car_diesel,2020,24,251450.39240356087,249371.43823803624,253529.3465690855,2022
382,car_diesel,2020,25,247664.42272727276,245312.07022144727,250016.77523309825,1518
383,car_diesel,2020,26,250756.07094339625,248059.6843631924,253452.45752360008,1219
384,car_diesel,2021,3,50484.75361152094,50420.43598607368,50549.07123696819,215538
385,car_diesel,2021,4,66829.97962451758,66736.02394442202,66923.93530461314,152870
386,car_diesel,2021,5,81875.94166917025,81780.78832191454,81971.09501642596,191724
387,car_diesel,2021,6,98555.26518961553,98447.68318150632,98662.84719772474,191440
388,car_diesel,2021,7,113709.00266465769,113589.71233817168,113828.2929911437,184838
389,car_diesel,2021,8,128471.2454625568,128341.11364957859,128601.37727553502,177816
390,car_diesel,2021,9,144196.7858095119,144053.13305951323,144340.43855951057,168231
391,car_diesel,2021,10,158772.24640781048,158617.71853822886,158926.7742773921,158505
392,car_diesel,2021,11,169199.72599855688,169038.65181617162,169360.80018094214,149676
393,car_diesel,2021,12,178615.78401132525,178438.58095282727,178792.98706982323,131211
394,car_diesel,2021,13,192009.11886215105,191813.02803347143,192205.20969083067,112159
395,car_diesel,2021,14,201699.01814512952,201483.77275785935,201914.2635323997,96438
396,car_diesel,2021,15,208748.23258697847,208496.63821223774,208999.8269617192,74415
397,car_diesel,2021,16,214607.89355133177,214312.88394907865,214902.9031535849,55979
398,car_diesel,2021,17,217447.20120200294,217080.62413033957,217813.7782736663,38544
399,car_diesel,2021,18,223998.89072873868,223524.8393440025,224472.94211347486,25798
400,car_diesel,2021,19,228896.08597388375,228380.69044978582,229411.48149798167,23740
401,car_diesel,2021,20,230881.55420749282,230107.75412616177,231655.35428882387,12145
402,car_diesel,2021,21,233300.7203423773,232201.50672753958,234399.933957215,6192
403,car_diesel,2021,22,237762.84190315902,236331.31824487078,239194.36556144725,3862
404,car_diesel,2021,23,241494.9850711685,239852.03950904545,243137.93063329157,3021
405,car_diesel,2021,24,243438.49500461682,241507.98080254957,245369.00920668407,2166
406,car_diesel,2021,25,246118.8724837758,243983.06036920738,248254.68459834423,1695
407,car_diesel,2021,26,247405.81743298136,244773.2519524716,250038.38291349114,1231
408,car_diesel,2021,27,246488.24609582062,243500.1474497077,249476.34474193354,981
409,car_diesel,2022,3,49529.12876040442,49465.38704278245,49592.87047802639,220459
410,car_diesel,2022,4,66145.64994959808,66064.44455801023,66226.85534118593,205151
411,car_diesel,2022,5,81581.71112243348,81473.08429213209,81690.33795273487,151421
412,car_diesel,2022,6,96087.01552956039,95980.4462236832,96193.58483543758,191574
413,car_diesel,2022,7,112040.45185363038,111922.34456237471,112158.55914488605,188878
414,car_diesel,2022,8,126390.91167895518,126262.9288401903,126518.89451772005,182691
415,car_diesel,2022,9,140358.64397185092,140221.31540333963,140495.9725403622,175281
416,car_diesel,2022,10,155133.6991267432,154984.63891022335,155282.75934326302,165358
417,car_diesel,2022,11,168701.91915715538,168542.00701935196,168861.8312949588,153326
418,car_diesel,2022,12,178290.78299104047,178123.00649949344,178458.5594825875,142753
419,car_diesel,2022,13,186707.17329380763,186520.96956003123,186893.37702758404,122199
420,car_diesel,2022,14,198846.32457546282,198638.4410233941,199054.20812753154,101275
421,car_diesel,2022,15,207625.28319249998,207391.45896815392,207859.10741684603,84213
422,car_diesel,2022,16,213684.95475882204,213406.7734033955,213963.1361142486,63024
423,car_diesel,2022,17,218688.9226751134,218355.1928150576,219022.65253516918,45856
424,car_diesel,2022,18,220182.636013468,219768.64656357415,220596.62546336185,31185
425,car_diesel,2022,19,226174.90277891155,225635.41424407077,226714.39131375233,20580
426,car_diesel,2022,20,231130.30257728123,230533.39180336922,231727.21335119323,18795
427,car_diesel,2022,21,232253.79655024075,231389.04533898694,233118.54776149456,9763
428,car_diesel,2022,22,234937.4275126904,233702.55693324583,236172.29809213497,5122
429,car_diesel,2022,23,239767.71286204743,238223.11290029954,241312.3128237953,3204
430,car_diesel,2022,24,243741.51960431653,241924.0494550528,245558.98975358027,2502
431,car_diesel,2022,25,247950.26520682525,245881.10409436736,250019.42631928314,1934
432,car_diesel,2022,26,246813.88785957737,244490.8968807518,249136.87883840295,1467
433,car_diesel,2022,27,246817.81492509367,243939.54112483875,249696.08872534859,1068
434,car_diesel,2022,28,247487.5774777778,244317.787446814,250657.36750874162,900
435,car_diesel,2023,3,50131.030316716286,50066.197475371075,50195.8631580615,219313
436,car_diesel,2023,4,66305.69351295609,66222.93832625939,66388.44869965278,208975
437,car_diesel,2023,5,81802.0948816272,81706.11305265628,81898.07671059812,200933
438,car_diesel,2023,6,96609.983253645,96485.86510503951,96734.10140225048,150001
439,car_diesel,2023,7,110012.33955301372,109894.02584738836,110130.65325863908,188753
440,car_diesel,2023,8,125093.50866081254,124965.769577709,125221.24774391609,186307
441,car_diesel,2023,9,138526.21741984872,138390.4111805477,138662.02365914974,179629
442,car_diesel,2023,10,151552.39966960403,151408.58176526695,151696.2175739411,171128
443,car_diesel,2023,11,165255.09128769825,165100.17854791746,165410.00402747904,159059
444,car_diesel,2023,12,178050.25431248365,177882.62865364045,178217.87997132685,145422
445,car_diesel,2023,13,186408.45179458676,186232.90222762147,186584.00136155204,133117
446,car_diesel,2023,14,193987.1286129252,193790.0811197178,194184.17610613263,111472
447,car_diesel,2023,15,205212.6283842009,204986.87984758805,205438.37692081378,88334
448,car_diesel,2023,16,212867.6867352081,212609.07674414615,213126.29672627003,71441
449,car_diesel,2023,17,217803.64417393148,217490.347508955,218116.94083890796,51848
450,car_diesel,2023,18,222167.88919737452,221784.31891393985,222551.4594808092,36717
451,car_diesel,2023,19,222705.6202650141,222227.6203953005,223183.62013472768,24527
452,car_diesel,2023,20,227783.9938122228,227157.43856064684,228410.54906379874,16232
453,car_diesel,2023,21,233888.63047491465,233199.44007181833,234577.82087801097,14929
454,car_diesel,2023,22,233831.2587960376,232861.55215449244,234800.96543758278,7874
455,car_diesel,2023,23,236734.64082996437,235351.28887114397,238117.99278878476,4205
456,car_diesel,2023,24,240830.02707794606,239100.7280750967,242559.3260807954,2707
457,car_diesel,2023,25,243825.3208594492,241835.35077271218,245815.2909461862,2106
458,car_diesel,2023,26,247943.9811267606,245665.09203308073,250222.87022044047,1633
459,car_diesel,2023,27,250037.2723192771,247589.8956252298,252484.6490133244,1328
460,car_diesel,2023,28,251447.79376947042,248332.92670108264,254562.6608378582,963
461,car_diesel,2023,29,250338.24118159208,247028.3719989171,253648.11036426705,804
462,car_diesel,2024,3,54974.881654369216,54904.71979235167,55045.04351638676,217660
463,car_diesel,2024,4,66286.9718232023,66200.17948772106,66373.76415868354,182706
464,car_diesel,2024,5,82305.6783755789,82200.81532754868,82410.5414236091,182465
465,car_diesel,2024,6,97451.26000865293,97334.46911400832,97568.05090329754,176819
466,car_diesel,2024,7,111311.79276883624,111164.26741827105,111459.31811940143,131409
467,car_diesel,2024,8,123375.58601994863,123238.47103597317,123512.7010039241,165224
468,car_diesel,2024,9,137422.2070006855,137277.75212138292,137566.6618799881,163394
469,car_diesel,2024,10,149912.94754628505,149760.89233921727,150065.00275335283,156314
470,car_diesel,2024,11,162002.0228865588,161842.00444676817,162162.04132634946,147539
471,car_diesel,2024,12,174282.78359989217,174111.16750982148,174454.39968996285,133529
472,car_diesel,2024,13,186162.88852905884,185976.90962438117,186348.8674337365,119155
473,car_diesel,2024,14,193633.61193442222,193433.41985587694,193833.8040129675,106042
474,car_diesel,2024,15,200067.34152048072,199840.37722685153,200294.30581410992,86374
475,car_diesel,2024,16,210188.94605673978,209921.00356488265,210456.8885485969,65210
476,car_diesel,2024,17,217449.02903567176,217134.8438793563,217763.2141919872,51217
477,car_diesel,2024,18,221505.57609561097,221122.15833092315,221888.9938602988,36272
478,car_diesel,2024,19,224340.01236844194,223863.3773418238,224816.64739506008,25198
479,car_diesel,2024,20,224351.7970447725,223745.61773596992,224957.9763535751,16662
480,car_diesel,2024,21,228971.08565625,228184.66252814038,229757.50878435964,10880
481,car_diesel,2024,22,234471.4448335645,233628.35277813795,235314.53688899108,10094
482,car_diesel,2024,23,235657.0956647294,234451.31433842127,236862.8769910375,5506
483,car_diesel,2024,24,239230.26520766778,237577.69956679476,240882.8308485408,3130
484,car_diesel,2024,25,244520.45084639502,242451.90616330755,246588.9955294825,1914
485,car_diesel,2024,26,247207.63007279948,244772.7938235891,249642.46632200986,1511
486,car_diesel,2024,27,252473.07475206617,249779.04895228558,255167.10055184676,1210
487,car_diesel,2024,28,257407.51978417265,254432.61359193173,260382.42597641356,973
488,car_diesel,2024,29,253517.42102599182,249902.54310456774,257132.2989474159,731
489,car_diesel,2024,30,255957.333257329,252126.61152130322,259788.0549933548,614
490,car_petrol,2010,3,39688.987815423454,39640.228692892124,39737.746937954784,185354
491,car_petrol,2010,4,52501.14536677475,52438.393530407986,52563.89720314151,172122
492,car_petrol,2010,5,65292.26673683198,65217.65144475195,65366.88202891201,166274
493,car_petrol,2010,6,77836.31880904299,77748.52122166035,77924.11639642563,157470
494,car_petrol,2010,7,92316.76077403591,92185.87848616781,92447.643061904,90448
495,car_petrol,2010,8,104714.28537719685,104597.03533040134,104831.53542399236,142989
496,car_petrol,2010,9,117479.73424670937,117353.69639047715,117605.77210294158,143059
497,car_petrol,2010,10,129696.5662552045,129549.69537562899,129843.43713478,127294
498,car_petrol,2010,11,140600.4740411447,140425.6911231202,140775.25695916923,103780
499,car_petrol,2010,12,145129.0210365115,144923.91949567827,145334.1225773447,79208
500,car_petrol,2010,13,150077.51794279317,149826.98489063294,150328.0509949534,58944
501,car_petrol,2010,14,154839.98896855628,154529.89122604413,155150.08671106843,40167
502,car_petrol,2010,15,159300.57089273617,158904.02819400822,159697.11359146412,26570
503,car_petrol,2010,16,163152.65235221238,162626.6958977217,163678.60880670307,16950
504,car_petrol,2011,3,38903.088822674115,38854.942694576835,38951.234950771395,187756
505,car_petrol,2011,4,51645.63564453279,51585.24537511831,51706.02591394727,177074
506,car_petrol,2011,5,64169.917277329,64097.13588325519,64242.6986714028,171082
507,car_petrol,2011,6,76598.06496087086,76513.52076470433,76682.6091570374,164711
508,car_petrol,2011,7,88609.61657979446,88512.03090283592,88707.202256753,154710
509,car_petrol,2011,8,102737.8803516262,102597.06442231228,102878.69628094012,90181
510,car_petrol,2011,9,114230.46587666047,114106.05759591072,114354.87415741022,138366
511,car_petrol,2011,10,126144.80735611806,126006.98735640816,126282.62735582796,134798
512,car_petrol,2011,11,137031.63490324043,136872.26403950254,137191.0057669783,114769
513,car_petrol,2011,12,146389.92689938744,146197.4206026235,146582.4331961514,89134
514,car_petrol,2011,13,149148.4006391156,148906.9108809582,149389.890397273,63228
515,car_petrol,2011,14,153054.68916332533,152766.73867087596,153342.6396557747,44892
516,car_petrol,2011,15,156692.91880571764,156324.24988246753,157061.58772896774,28963
517,car_petrol,2011,16,160933.0120358193,160459.5939059122,161406.4301657264,18705
518,car_petrol,2011,17,163063.60537024282,162428.27778809046,163698.93295239517,11614
519,car_petrol,2012,3,36657.142132002984,36611.06108877995,36703.22317522602,191829
520,car_petrol,2012,4,50679.07319322648,50619.23705038267,50738.9093360703,178578
521,car_petrol,2012,5,63281.585325895365,63210.433118348425,63352.737533442305,175317
522,car_petrol,2012,6,75513.52971588088,75430.43189652365,75596.62753523812,169260
523,car_petrol,2012,7,87508.82646206378,87414.34053667616,87603.3123874514,161956
524,car_petrol,2012,8,98964.89991585311,98857.20938876097,99072.59044294525,150570
525,car_petrol,2012,9,112455.07673592259,112305.7603335136,112604.39313833158,88031
526,car_petrol,2012,10,122879.06404934866,122743.36011530577,123014.76798339155,130500
527,car_petrol,2012,11,133483.2893822128,133332.69717267764,133633.88159174795,121919
528,car_petrol,2012,12,142712.17645947947,142537.427588471,142886.92533048792,98703
529,car_petrol,2012,13,150952.61726377436,150734.39093987987,151170.84358766885,72399
530,car_petrol,2012,14,151630.54281058724,151356.32152174934,151904.76409942514,48360
531,car_petrol,2012,15,154498.4116239973,154142.1608153095,154854.6624326851,32537
532,car_petrol,2012,16,157919.74234144905,157474.96387197048,158364.5208109276,20372
533,car_petrol,2012,17,162075.40012559856,161483.01800090243,162667.7822502947,12739
534,car_petrol,2012,18,162937.96480357146,162155.60892932766,163720.32067781527,7840
535,car_petrol,2013,3,36983.65689446938,36938.25600652708,37029.05778241168,195403
536,car_petrol,2013,4,47823.761394552654,47766.664467019145,47880.85832208616,184016
537,car_petrol,2013,5,62082.89185198777,62013.511183120194,62152.272520855346,177134
538,car_petrol,2013,6,74556.59014076999,74476.36470226602,74636.81557927396,174469
539,car_petrol,2013,7,86247.84093932176,86155.30583790835,86340.37604073517,167078
540,car_petrol,2013,8,97769.15958311083,97666.07310172965,97872.246064492,159155
541,car_petrol,2013,9,108423.25266330865,108306.99544014632,108539.50988647099,146119
542,car_petrol,2013,10,121170.80129668648,121008.0616214317,121333.54097194126,84955
543,car_petrol,2013,11,130578.77072643432,130433.318575155,130724.22287771363,120355
544,car_petrol,2013,12,139617.75217225752,139455.83416008734,139779.6701844277,107676
545,car_petrol,2013,13,147383.50700851792,147187.1194527376,147579.89456429824,82180
546,car_petrol,2013,14,154421.41770300487,154171.29718711108,154671.53821889867,57240
547,car_petrol,2013,15,153754.91032775995,153429.98950214134,154079.83115337856,36124
548,car_petrol,2013,16,155545.3113248375,155124.76739873952,155965.85525093548,23384
549,car_petrol,2013,17,158873.15708052277,158314.4901083185,159431.82405272702,14232
550,car_petrol,2013,18,163246.38212517038,162482.88801179506,164009.8762385457,8804
551,car_petrol,2013,19,163737.2360660273,162755.3924386187,164719.07969343592,5422
552,car_petrol,2014,3,36639.74477861191,36596.34953478725,36683.140022436564,199943
553,car_petrol,2014,4,48342.4839400116,48286.25896474278,48398.708915280426,187903
554,car_petrol,2014,5,58904.143283205834,58837.18191717964,58971.10464923203,183266
555,car_petrol,2014,6,73317.62042723098,73238.58671398798,73396.65414047398,175315
556,car_petrol,2014,7,85443.17148572789,85353.87631488946,85532.4666565663,172434
557,car_petrol,2014,8,96654.56183116345,96553.59339191183,96755.53027041507,164218
558,car_petrol,2014,9,107501.82398496046,107389.82239910954,107613.82557081137,155191
559,car_petrol,2014,10,117403.27913044725,117278.45257449431,117528.10568640019,139681
560,car_petrol,2014,11,129042.39370528985,128870.54733279983,129214.24007777988,79624
561,car_petrol,2014,12,137274.97704402107,137116.836583461,137433.11750458114,107971
562,car_petrol,2014,13,144978.7573304872,144797.73127261334,145159.78338836104,91586
563,car_petrol,2014,14,151594.73903602507,151369.68790947937,151819.79016257077,66537
564,car_petrol,2014,15,157138.60607615934,156846.66794819504,157430.54420412364,44013
565,car_petrol,2014,16,155164.136990046,154772.35444554925,155555.91953454277,26522
566,car_petrol,2014,17,155689.18954261957,155188.2275276774,156190.15155756174,16835
567,car_petrol,2014,18,159923.5137297352,159227.51127135038,160619.51618812,9931
568,car_petrol,2014,19,164232.6666171004,163295.67112150867,165169.6621126921,6187
569,car_petrol,2014,20,163429.39114405672,162253.6241657704,164605.15812234304,3811
570,car_petrol,2015,3,35689.34763236393,35648.30237924627,35730.3928854816,204833
571,car_petrol,2015,4,47932.64469660412,47878.25443696532,47987.03495624292,190642
572,car_petrol,2015,5,59472.058481159576,59406.145099818794,59537.97186250036,186965
573,car_petrol,2015,6,69653.29040968743,69576.79628099971,69729.78453837514,181968
574,car_petrol,2015,7,84116.09511188066,84026.9436752789,84205.2465484824,172684
575,car_petrol,2015,8,95894.4068050794,95796.07371676392,95992.73989339489,169469
576,car_petrol,2015,9,106613.81504478805,106502.97143092207,106724.65865865402,160199
577,car_petrol,2015,10,116660.05275277437,116539.1065679892,116780.99893755953,149224
578,car_petrol,2015,11,125512.73567015758,125376.31503058318,125649.15630973197,130626
579,car_petrol,2015,12,136105.6164700616,135913.85637779807,136297.3765623251,72599
580,car_petrol,2015,13,143380.74091986645,143204.25912802707,143557.22271170584,93731
581,car_petrol,2015,14,149824.1485612502,149619.35490633335,150028.94221616702,75510
582,car_petrol,2015,15,155078.1800394742,154814.4006716144,155341.95940733398,52186
583,car_petrol,2015,16,159530.7999790576,159185.79817272373,159875.80178539146,33425
584,car_petrol,2015,17,156423.15607813137,155966.82532980468,156879.48682645807,19608
585,car_petrol,2015,18,157076.2188224299,156452.44181767674,157699.99582718304,12305
586,car_petrol,2015,19,160328.4836158588,159502.42543896587,161154.54179275173,7138
587,car_petrol,2015,20,165454.5656200942,164391.09754272932,166518.03369745906,4459
588,car_petrol,2015,21,165549.6396532847,164132.18520694593,166967.0940996235,2740
589,car_petrol,2016,3,35611.282310869945,35571.22504010148,35651.33958163841,207701
590,car_petrol,2016,4,46805.018614644825,46753.35671543229,46856.68051385736,196520
591,car_petrol,2016,5,59021.659242878675,58958.272040005424,59085.04644575193,189045
592,car_petrol,2016,6,70325.81781181064,70250.53122965105,70401.10439397024,185866
593,car_petrol,2016,7,80074.94828293653,79988.95961097952,80160.93695489354,179178
594,car_petrol,2016,8,94388.22692303613,94290.67486219821,94485.77898387404,169612
595,car_petrol,2016,9,105724.62083190304,105617.68599461298,105831.5556691931,165464
596,car_petrol,2016,10,115715.88541538859,115597.59308436036,115834.17774641683,154855
597,car_petrol,2016,11,124776.29395819346,124645.44802098042,124907.13989540651,140026
598,car_petrol,2016,12,132771.30318661098,132621.54014238063,132921.06623084133,119023
599,car_petrol,2016,13,142070.74807814183,141861.59074174575,142279.9054145379,64063
600,car_petrol,2016,14,147978.13458859627,147778.7104279965,148177.55874919603,78220
601,car_petrol,2016,15,153172.53045485838,152935.89379630247,153409.1671134143,59557
602,car_petrol,2016,16,157402.5872021362,157088.6240512635,157716.5503530089,39884
603,car_petrol,2016,17,160861.80821398244,160458.437494017,161265.17893394787,24731
604,car_petrol,2016,18,158193.41302513468,157639.93110651238,158746.89494375698,14482
605,car_petrol,2016,19,157801.33127217265,157088.5406294657,158514.12191487962,8851
606,car_petrol,2016,20,160763.88319236017,159770.11298832024,161757.6533964001,5131
607,car_petrol,2016,21,167366.48545089562,166089.54851575696,168643.42238603428,3238
608,car_petrol,2016,22,167917.98169590643,166145.07316035996,169690.8902314529,2052
609,car_petrol,2017,3,35297.00062926992,35257.00681292013,35336.994445619704,209020
610,car_petrol,2017,4,46747.03586992791,46692.72043257734,46801.35130727848,169629
611,car_petrol,2017,5,57880.3983825953,57814.393091224985,57946.40367396561,166254
612,car_petrol,2017,6,69983.27674311727,69904.50842031547,70062.04506591907,160147
613,car_petrol,2017,7,81116.05464055223,81025.25125036217,81206.8580307423,158048
614,car_petrol,2017,8,90369.07644921748,90266.45924873522,90471.69364969974,152710
615,car_petrol,2017,9,104343.54411349588,104229.87508897508,104457.21313801668,143829
616,car_petrol,2017,10,115315.93382330339,115192.04203082442,115439.82561578236,139233
617,car_petrol,2017,11,124223.2947518118,124086.7923054729,124359.7971981507,128189
618,car_petrol,2017,12,132095.59393183474,131943.6795665335,132247.50829713597,112726
619,car_petrol,2017,13,139011.72006327673,138838.65524038495,139184.78488616852,92135
620,car_petrol,2017,14,146987.45583234946,146737.29572902963,147237.61593566928,47432
621,car_petrol,2017,15,151574.86237718022,151330.88371621975,151818.8410381407,55040
622,car_petrol,2017,16,155452.0530456534,155154.83673534976,155749.26935595702,39778
623,car_petrol,2017,17,157884.8233501045,157502.31254495512,158267.3341552539,25838
624,car_petrol,2017,18,161359.36583835792,160830.976151023,161887.75552569283,15590
625,car_petrol,2017,19,158782.5388224441,158074.50012993923,159490.57751494896,9214
626,car_petrol,2017,20,159716.76235534984,158777.81438028527,160655.7103304144,5617
627,car_petrol,2017,21,160849.3443005019,159554.28756381437,162144.4010371894,3188
628,car_petrol,2017,22,168729.713895431,167082.9606920188,170376.4670988432,2123
629,car_petrol,2017,23,168384.17139534885,166280.85742544333,170487.48536525437,1333
630,car_petrol,2018,3,34797.629767941944,34758.82628530917,34836.433250574715,212059
631,car_petrol,2018,4,46064.55367902605,46014.8284165446,46114.2789415075,201817
632,car_petrol,2018,5,57285.500771417064,57226.4665627961,57344.53498003803,198440
633,car_petrol,2018,6,68108.7575137178,68039.38386937216,68178.13115806345,192633
634,car_petrol,2018,7,79885.46180123244,79804.21329841524,79966.71030404963,183863
635,car_petrol,2018,8,90454.06850927003,90362.06225855647,90546.07475998359,180690
636,car_petrol,2018,9,99145.90125240423,99042.6372076683,99249.16529714016,172093
637,car_petrol,2018,10,112588.9712222222,112476.20511583681,112701.73732860759,159390
638,car_petrol,2018,11,122781.57591709233,122658.84617480189,122904.30565938276,150939
639,car_petrol,2018,12,130546.29634183935,130409.89763975663,130682.69504392207,134297
640,car_petrol,2018,13,137297.79507529974,137143.28742645035,137452.30272414914,112683
641,car_petrol,2018,14,142800.8685523487,142618.73742404528,142982.9996806521,87901
642,car_petrol,2018,15,149300.86373587523,149035.64215212583,149566.08531962463,43275
643,car_petrol,2018,16,152932.38646645192,152665.13421859522,153199.63871430862,47499
644,car_petrol,2018,17,155713.666123847,155379.8544417185,156047.47780597553,33283
645,car_petrol,2018,18,157881.8371492142,157443.5982130751,158320.0760853533,21124
646,car_petrol,2018,19,161095.5429577241,160501.75135313347,161689.33456231473,12584
647,car_petrol,2018,20,158420.08258064516,157622.37573610313,159217.7894251872,7595
648,car_petrol,2018,21,159648.37598316427,158619.784541595,160676.96742473354,4633
649,car_petrol,2018,22,162417.43344262295,160999.95010897718,163834.9167762687,2684
650,car_petrol,2018,23,172217.32858974359,170354.72968173245,174079.92749775472,1794
651,car_petrol,2018,24,166762.65802325582,164451.0181818363,169074.29786467535,1118
652,car_petrol,2019,3,34656.237824511365,34617.64115207492,34694.83449694781,213860
653,car_petrol,2019,4,45593.168245224515,45544.492054899165,45641.844435549865,204482
654,car_petrol,2019,5,56785.28000752385,56726.083076607436,56844.47693844026,200695
655,car_petrol,2019,6,67745.2479409157,67677.31069306168,67813.18518876971,197379
656,car_petrol,2019,7,78181.63162799005,78103.59754207314,78259.66571390696,190382
657,car_petrol,2019,8,89772.54219092497,89682.96657788848,89862.11780396146,181663
658,car_petrol,2019,9,99772.94486405516,99673.15766255515,99872.73206555516,177572
659,car_petrol,2019,10,107901.62794910431,107790.76258078005,108012.49331742857,167912
660,car_petrol,2019,11,120640.59963254198,120519.83305582035,120761.36620926362,152099
661,car_petrol,2019,12,129914.99484284638,129782.60944094398,130047.38024474878,140754
662,car_petrol,2019,13,136656.8450476104,136508.04613676845,136805.64395845236,121087
663,car_petrol,2019,14,142175.80138087954,142005.38469612613,142346.21806563294,98010
664,car_petrol,2019,15,146731.63397119934,146527.856275648,146935.41166675068,72915
665,car_petrol,2019,16,152055.4185712638,151755.86268507384,152354.9744574538,34681
666,car_petrol,2019,17,154337.5795217688,154026.38050357287,154648.77853996475,36635
667,car_petrol,2019,18,156448.76784900803,156057.67605439576,156839.8596436203,24849
668,car_petrol,2019,19,157320.2174480941,156797.63006647857,157842.80482970964,15557
669,car_petrol,2019,20,161427.486325,160725.5594261026,162129.4132238974,9200
670,car_petrol,2019,21,159325.53628486753,158421.14288606838,160229.92968366668,5736
671,car_petrol,2019,22,162282.54048442905,160960.45832866352,163604.62264019458,3468
672,car_petrol,2019,23,164913.03420454546,163089.7478288186,166736.32058027232,2024
673,car_petrol,2019,24,173518.34458883991,171398.67048346673,175638.0186942131,1362
674,car_petrol,2019,25,169557.36184210525,166961.95365421937,172152.77002999114,874
675,car_petrol,2020,3,33741.660822977086,33698.278952046596,33785.04269390758,166566
676,car_petrol,2020,4,44184.24522157094,44135.64860467152,44232.84183847036,196190
677,car_petrol,2020,5,54950.75135978145,54893.34500419041,55008.15771537249,196561
678,car_petrol,2020,6,65814.03554083568,65746.4887340798,65881.58234759157,194144
679,car_petrol,2020,7,76408.97603534981,76332.25342567918,76485.69864502044,189308
680,car_petrol,2020,8,86480.81034745446,86394.4774966696,86567.14319823933,181808
681,car_petrol,2020,9,97520.09580060176,97422.28175093439,97617.90985026913,172158
682,car_petrol,2020,10,107341.18537919599,107232.67416450358,107449.6965938884,167064
683,car_petrol,2020,11,114614.75183745316,114495.64916085238,114733.85451405395,158219
684,car_petrol,2020,12,126493.629868053,126361.95414571642,126625.30559038959,135130
685,car_petrol,2020,13,134981.53111606822,134837.15711225427,135125.90511988217,123729
686,car_petrol,2020,14,140484.51412173762,140318.7565470573,140650.27169641794,102532
687,car_petrol,2020,15,145258.7622828747,145066.93436935183,145450.59019639756,79689
688,car_petrol,2020,16,148943.07893806224,148711.87068948773,149174.28718663676,57913
689,car_petrol,2020,17,153597.46137603582,153253.09121943955,153941.8315326321,27274
690,car_petrol,2020,18,154062.5890172956,153694.92622948383,154430.25180510737,26712
691,car_petrol,2020,19,156198.54193712026,155732.21199008447,156664.87188415605,17939
692,car_petrol,2020,20,157456.2600985045,156830.79779045412,158081.7224065549,11167
693,car_petrol,2020,21,161124.21178314727,160277.34511420643,161971.0784520881,6539
694,car_petrol,2020,22,159291.77941820837,158213.48825225493,160370.07058416182,4108
695,car_petrol,2020,23,161580.70811728394,160222.62878733335,162938.78744723453,2592
696,car_petrol,2020,24,163610.53477663232,161726.00956185584,165495.0599914088,1455
697,car_petrol,2020,25,175874.26792547837,173280.99282517462,178467.54302578213,993
698,car_petrol,2020,26,168700.94704615386,165757.42295002576,171644.47114228195,650
699,car_petrol,2021,3,32075.990584626274,32039.0408916992,32112.94027755335,217592
700,car_petrol,2021,4,41961.77301280138,41909.385654478356,42014.1603711244,160764
701,car_petrol,2021,5,52289.626301458055,52234.33511637042,52344.91748654569,198827
702,car_petrol,2021,6,62966.93948584405,62902.97840284575,63030.90056884235,199492
703,car_petrol,2021,7,73540.23116560237,73466.14816981374,73614.314161391,195118
704,car_petrol,2021,8,83949.23654057331,83866.82100136427,84031.65207978236,191234
705,car_petrol,2021,9,93716.25221151112,93624.1349203991,93808.36950262314,182884
706,car_petrol,2021,10,104532.47289476272,104429.74840766354,104635.19738186189,172971
707,car_petrol,2021,11,113751.57238197642,113638.46549353175,113864.6792704211,166937
708,car_petrol,2021,12,120388.16146284042,120263.89895287757,120512.42397280327,154617
709,car_petrol,2021,13,131729.5685239337,131590.89136767466,131868.24568019275,129608
710,car_petrol,2021,14,138907.50478648368,138754.55614507364,139060.45342789372,115120
711,car_petrol,2021,15,143560.90077938832,143383.52029473294,143738.2812640437,92239
712,car_petrol,2021,16,147200.0245934285,146991.88813111314,147408.16105574387,69299
713,car_petrol,2021,17,150408.75016970446,150148.58495529706,150668.91538411187,48555
714,car_petrol,2021,18,154419.23924422736,154035.20035662243,154803.27813183228,22520
715,car_petrol,2021,19,154246.1732054807,153834.74341084622,154657.6030001152,21457
716,car_petrol,2021,20,156007.04117617867,155475.46758085015,156538.6147715072,14105
717,car_petrol,2021,21,155926.89690346507,155218.88956106565,156634.90424586448,8629
718,car_petrol,2021,22,160611.72893563882,159593.25693294455,161630.2009383331,5205
719,car_petrol,2021,23,158938.23593393393,157752.64939362212,160123.82247424574,3330
720,car_petrol,2021,24,163804.96977398524,162272.21479900813,165337.72474896236,2168
721,car_petrol,2021,25,165418.69155909473,163357.80510305436,167479.5780151351,1193
722,car_petrol,2021,26,174609.39290598294,171770.93732024942,177447.84849171646,819
723,car_petrol,2021,27,165232.05082397003,162079.16946214606,168384.932185794,534
724,car_petrol,2022,3,31767.300798449134,31729.849259429364,31804.752337468904,222068
725,car_petrol,2022,4,42513.33197352753,42466.646598300686,42560.01734875437,210785
726,car_petrol,2022,5,52069.7267222949,52007.693166850135,52131.76027773967,160530
727,car_petrol,2022,6,62028.77152146489,61965.05580298979,62092.48723994,198953
728,car_petrol,2022,7,72326.93698286217,72254.87736450163,72398.99660122271,198158
729,car_petrol,2022,8,82522.7375526634,82441.14592603645,82604.32917929035,194395
730,car_petrol,2022,9,92530.82088670779,92441.7917290351,92619.85004438048,190322
731,car_petrol,2022,10,101842.33449346342,101744.38455049442,101940.28443643243,181517
732,car_petrol,2022,11,112301.53722097809,112192.70612274183,112410.36831921435,169682
733,car_petrol,2022,12,120773.72041303599,120655.21630212734,120892.22452394463,162504
734,car_petrol,2022,13,126651.29350572421,126520.56011827604,126782.02689317238,147881
735,car_petrol,2022,14,136921.66720398812,136774.73286928041,137068.60153869583,120257
736,car_petrol,2022,15,143309.60912450173,143145.03577307038,143474.18247593308,103107
737,car_petrol,2022,16,147093.07376294106,146899.9360724506,147286.21145343152,80461
738,car_petrol,2022,17,149877.88288932486,149647.86569198145,150107.90008666826,59128
739,car_petrol,2022,18,152130.33750429907,151842.0639887425,152418.61101985563,40125
740,car_petrol,2022,19,155918.07905909294,155483.09182385955,156353.06629432633,18344
741,car_petrol,2022,20,155608.34290481432,155137.34820830563,156079.337601323,17261
742,car_petrol,2022,21,157046.05274643522,156424.7214490003,157667.38404387014,11291
743,car_petrol,2022,22,156098.02623052045,155305.51533820733,156890.53712283357,6802
744,car_petrol,2022,23,159709.56981132075,158614.19617071384,160804.94345192765,3975
745,car_petrol,2022,24,159818.06278396436,158484.19904474192,161151.9265231868,2694
746,car_petrol,2022,25,165516.73653846156,163811.82737588344,167221.64570103967,1794
747,car_petrol,2022,26,165469.9200726895,163094.65804918896,167845.18209619005,963
748,car_petrol,2022,27,178878.96612156296,175713.29765299786,182044.63459012806,691
749,car_petrol,2022,28,167940.49968468468,164371.48960328498,171509.50976608437,444
750,car_petrol,2023,3,33738.31684135282,33698.74036997122,33777.89331273441,223830
751,car_petrol,2023,4,42724.530625082356,42676.545900149875,42772.51535001484,212500
752,car_petrol,2023,5,53312.38108901674,53256.63948368923,53368.122694344245,209455
753,car_petrol,2023,6,62410.837211395614,62338.943110760454,62482.73131203077,160202
754,car_petrol,2023,7,71742.91407578738,71670.57296477219,71815.25518680258,197368
755,car_petrol,2023,8,81689.77350542223,81609.85507745955,81769.69193338491,196875
756,car_petrol,2023,9,91470.81249935096,91381.45906828053,91560.16593042138,192586
757,car_petrol,2023,10,101065.84708625305,100969.82393077404,101161.87024173206,188376
758,car_petrol,2023,11,109908.45088766876,109803.97932054746,110012.92245479007,177938
759,car_petrol,2023,12,119892.02762299101,119776.36967311487,120007.68557286715,165195
760,car_petrol,2023,13,127633.12582685336,127507.05665151904,127759.19500218767,156122
761,car_petrol,2023,14,132663.28571557245,132524.63150185015,132801.93992929475,139888
762,car_petrol,2023,15,142275.00467806213,142117.1713987703,142432.83795735397,110161
763,car_petrol,2023,16,147616.2471647289,147436.59811795058,147795.89621150724,92030
764,car_petrol,2023,17,150737.50469550485,150526.0539456079,150948.95544540178,70231
765,car_petrol,2023,18,152631.77192808522,152378.46229755823,152885.0815586122,50532
766,car_petrol,2023,19,154586.68743672574,154262.71701998368,154910.6578534678,33742
767,car_petrol,2023,20,157516.52130377755,157028.81997241065,158004.22263514446,15248
768,car_petrol,2023,21,157180.5084477445,156646.38270131787,157714.63419417114,14276
769,car_petrol,2023,22,157064.2286240331,156372.8464563552,157755.610791711,9179
770,car_petrol,2023,23,156846.63492054795,155956.50709037855,157736.76275071735,5475
771,car_petrol,2023,24,160033.01379886505,158821.18582116577,161244.84177656434,3172
772,car_petrol,2023,25,160880.37610803323,159339.5982987331,162421.15391733337,2166
773,car_petrol,2023,26,165821.66620713306,163919.08572794287,167724.24668632325,1458
774,car_petrol,2023,27,168681.7827316486,166073.94218452077,171289.62327877642,831
775,car_petrol,2023,28,180586.6761220826,177006.46677239554,184166.88547176967,557
776,car_petrol,2023,29,168387.71173126617,164635.8720879354,172139.55137459695,387
777,car_petrol,2024,3,37212.79170876082,37167.96498266537,37257.618434856275,221646
778,car_petrol,2024,4,45121.047476473126,45067.880763810055,45174.2141891362,185320
779,car_petrol,2024,5,53937.158167368434,53876.05653937208,53998.259795364786,185722
780,car_petrol,2024,6,64334.66685743094,64264.961070202684,64404.37264465919,182494
781,car_petrol,2024,7,72948.8912417138,72859.51385778123,73038.26862564638,135466
782,car_petrol,2024,8,81310.63422339465,81221.9250801358,81399.3433666535,165850
783,car_petrol,2024,9,91008.96461542186,90912.91017216461,91105.01905867911,165194
784,car_petrol,2024,10,100167.28263758506,100062.55112551007,100272.01414966004,162554
785,car_petrol,2024,11,109673.86966503593,109561.66806660774,109786.07126346412,158823
786,car_petrol,2024,12,117846.66025358226,117724.9454414956,117968.37506566892,147881
787,car_petrol,2024,13,127309.03980089066,127174.87747569244,127443.20212608889,135855
788,car_petrol,2024,14,134287.46740794953,134142.71894415253,134432.21587174654,127077
789,car_petrol,2024,15,138311.3931005574,138150.0062047822,138472.77999633263,110693
790,car_petrol,2024,16,147005.7100283841,146821.02910565241,147190.3909511158,85259
791,car_petrol,2024,17,151696.00528358424,151482.82374554078,151909.1868216277,69080
792,car_petrol,2024,18,153993.7466961234,153737.76691899676,154249.72647325002,51488
793,car_petrol,2024,19,155150.21011460765,154840.77921093657,155459.64101827872,36385
794,car_petrol,2024,20,156442.36203266046,156052.3800863765,156832.3439789444,24372
795,car_petrol,2024,21,158657.68622021895,158071.10801185278,159244.26442858513,10871
796,car_petrol,2024,22,158815.23882763434,158173.68495650144,159456.79269876724,10031
797,car_petrol,2024,23,158827.92089359745,158018.5592805425,159637.28250665238,6513
798,car_petrol,2024,24,156330.92611111113,155266.22620326752,157395.62601895473,3726
799,car_petrol,2024,25,160253.11337117475,158719.67962916492,161786.54711318458,2026
800,car_petrol,2024,26,160299.96631095407,158360.77649744903,162239.1561244591,1415
801,car_petrol,2024,27,170494.9542361111,168133.31492522318,172856.59354699904,1008
802,car_petrol,2024,28,166446.2239754816,163404.15439623312,169488.2935547301,571
803,car_petrol,2024,29,183443.19122194516,179422.42709212977,187463.95535176055,401
804,car_petrol,2024,30,172026.67197916668,167807.17280030012,176246.17115803325,288
