,fuel,test_year,age,y_mean,y_lower,y_upper,n
0,car_hev,2010,3,56082.07420241288,55658.74904658084,56505.39935824492,5968
1,car_hev,2011,3,58242.48509028375,57803.96248756051,58681.00769300699,5815
2,car_hev,2011,4,71636.3316194332,71114.9611083662,72157.7021305002,5681
3,car_hev,2012,3,55918.09236160398,55464.24554095386,56371.9391822541,5636
4,car_hev,2012,4,74126.46059841651,73540.55125688281,74712.36993995021,5431
5,car_hev,2012,5,85758.86254926777,85165.79382721675,86351.93127131878,5531
6,car_hev,2013,3,57477.47983949192,57085.907281094565,57869.052397889274,8660
7,car_hev,2013,4,72530.9411825652,71978.88238942149,73082.99997570892,5598
8,car_hev,2013,5,89918.42824934187,89281.69139587942,90555.16510280433,5318
9,car_hev,2013,6,100386.91198312237,99705.2196809228,101068.60428532193,5451
10,car_hev,2014,3,56087.106405875624,55731.064074777976,56443.14873697327,9599
11,car_hev,2014,4,75452.80691159183,74973.26276337712,75932.35105980655,8506
12,car_hev,2014,5,91996.4291240876,91325.19848186892,92667.65976630629,5754
13,car_hev,2014,6,107512.54492769954,106755.02578956708,108270.06406583199,5325
14,car_hev,2014,7,115524.78532523365,114753.67875539717,116295.89189507013,5350
15,car_hev,2015,3,53844.027300969596,53572.010925782146,54116.043676157045,15161
16,car_hev,2015,4,75136.81090045943,74688.8684445767,75584.75335634216,9795
17,car_hev,2015,5,95990.55431509999,95401.91430072728,96579.1943294727,8702
18,car_hev,2015,6,112199.20690143277,111389.4761033362,113008.93769952934,5793
19,car_hev,2015,7,124621.80097776944,123742.83265108903,125500.76930444984,5308
20,car_hev,2015,8,130042.95510526317,129190.41815238693,130895.49205813941,5320
21,car_hev,2016,3,54363.97476854195,54141.713418888525,54586.236118195375,25685
22,car_hev,2016,4,71839.67026334896,71491.60264073747,72187.73788596045,15151
23,car_hev,2016,5,94382.10403721026,93836.61358380478,94927.59449061574,9836
24,car_hev,2016,6,116900.36615384616,116190.1940863076,117610.53822138472,8697
25,car_hev,2016,7,131083.1135135605,130130.46063970136,132035.76638741963,5752
26,car_hev,2016,8,141453.65035516518,140452.44209755876,142454.8586127716,5237
27,car_hev,2016,9,144770.43548,143825.21590125916,145715.6550587408,5250
28,car_hev,2017,3,54704.414416037194,54483.07660771696,54925.75222435743,29257
29,car_hev,2017,4,71493.46401309942,71189.70213939012,71797.22588680872,21375
30,car_hev,2017,5,90145.15166419714,89682.64057545397,90607.6627529403,12823
31,car_hev,2017,6,115369.69597408829,114647.4852721599,116091.90667601668,8336
32,car_hev,2017,7,139347.41400728846,138439.41122794177,140255.41678663515,7409
33,car_hev,2017,8,151184.11208426172,150009.49380107204,152358.7303674514,4937
34,car_hev,2017,9,158097.21293333333,156885.88374161278,159308.54212505388,4425
35,car_hev,2017,10,158127.92636301837,157041.32941355056,159214.52331248618,4413
36,car_hev,2018,3,55028.72303668142,54833.61943737596,55223.82663598688,42283
37,car_hev,2018,4,71982.85208302809,71697.37583987472,72268.32832618146,28665
38,car_hev,2018,5,87516.28686004736,87173.25523789636,87859.31848219836,24494
39,car_hev,2018,6,107916.69654782079,107390.69897794155,108442.69411770003,14753
40,car_hev,2018,7,134996.41130517828,134187.6619876453,135805.16062271126,9424
41,car_hev,2018,8,159995.4224833334,159005.10133557694,160985.74363108983,8400
42,car_hev,2018,9,169143.39229901784,167890.0341629127,170396.750435123,5498
43,car_hev,2018,10,171680.79551724138,170464.27199427935,172897.3190402034,4988
44,car_hev,2018,11,169756.94567016553,168677.3989259893,170836.49241434174,4954
45,car_hev,2019,3,52969.8354801187,52792.71919830373,53146.95176193368,50550
46,car_hev,2019,4,71991.67432371741,71738.13659195251,72245.2120554823,40523
47,car_hev,2019,5,89202.41441169221,88851.28244371092,89553.5463796735,28395
48,car_hev,2019,6,104694.61571969699,104280.13577374158,105109.09566565239,24288
49,car_hev,2019,7,126541.86724236644,125911.3821875187,127172.35229721418,14672
50,car_hev,2019,8,155782.63136378326,154828.2015983804,156737.06112918613,9283
51,car_hev,2019,9,181113.05089120934,179975.0841732948,182251.01760912387,8236
52,car_hev,2019,10,185820.85406681598,184430.55286929023,187211.15526434174,5358
53,car_hev,2019,11,180088.66561140446,178835.60162292884,181341.72959988008,4735
54,car_hev,2019,12,181868.1323469388,180705.94629003564,183030.31840384196,4802
55,car_hev,2020,3,49645.40819705178,49492.12167110691,49798.69472299665,55559
56,car_hev,2020,4,65729.67127128955,65507.80569093025,65951.53685164887,46032
57,car_hev,2020,5,84678.18515229164,84374.72604037293,84981.64426421035,37855
58,car_hev,2020,6,101230.57352394542,100826.82657243278,101634.32047545807,27333
59,car_hev,2020,7,116067.66374776115,115592.56289889662,116542.76459662568,22891
60,car_hev,2020,8,137675.19930681898,136972.35791362563,138378.04070001232,14181
61,car_hev,2020,9,166829.4667712952,165756.21914274138,167902.71439984904,8570
62,car_hev,2020,10,188997.4543825858,187746.38095875303,190248.52780641857,7580
63,car_hev,2020,11,191020.60993559114,189564.1910639393,192477.02880724298,4813
64,car_hev,2020,12,188869.2061622391,187508.67640089281,190229.7359235854,4216
65,car_hev,2020,13,192259.6603196245,191011.64606961218,193507.67456963682,4474
66,car_hev,2021,3,44342.559963882515,44232.04669914251,44453.07322862252,83616
67,car_hev,2021,4,61516.78282847159,61325.22165371884,61708.34400322433,53513
68,car_hev,2021,5,79029.69263060653,78766.87516078878,79292.51010042428,47088
69,car_hev,2021,6,98897.46536202064,98546.45770588683,99248.47301815444,38879
70,car_hev,2021,7,114997.0240601585,114537.16673377402,115456.88138654297,27760
71,car_hev,2021,8,129958.54941476592,129424.67982483293,130492.41900469891,23324
72,car_hev,2021,9,153553.18956117387,152768.60874071627,154337.77038163148,14516
73,car_hev,2021,10,183762.43312279906,182589.84387981493,184935.0223657832,8803
74,car_hev,2021,11,195653.11587055106,194350.2276662626,196956.00407483953,7277
75,car_hev,2021,12,201469.96608158998,199940.20309451717,202999.7290686628,4780
76,car_hev,2021,13,197996.94881300814,196617.3863635949,199376.51126242138,4305
77,car_hev,2021,14,200679.16013468013,199405.52806002778,201952.7922093325,4455
78,car_hev,2022,3,45401.4691352152,45298.521476601854,45504.416793828546,108686
79,car_hev,2022,4,59163.2308913622,59017.388213431645,59309.07356929275,82301
80,car_hev,2022,5,76419.71239664436,76183.69798113962,76655.7268121491,53045
81,car_hev,2022,6,94961.73396107893,94646.98329743583,95276.48462472204,47121
82,car_hev,2022,7,115410.5477278238,114997.10127193124,115823.99418371635,38769
83,car_hev,2022,8,130641.07063024455,130115.60382833733,131166.53743215176,27767
84,car_hev,2022,9,145357.70560951566,144752.38871997956,145963.02249905176,23330
85,car_hev,2022,10,169502.8677834015,168618.5536154262,170387.1819513768,14423
86,car_hev,2022,11,186297.160353057,185073.99923565763,187520.32147045637,8129
87,car_hev,2022,12,208846.11442805457,207484.3841551594,210207.84470094973,7186
88,car_hev,2022,13,214548.27129594225,212936.28906007734,216160.25353180716,4707
89,car_hev,2022,14,208999.43361976117,207592.84855306504,210406.0186864573,4271
90,car_hev,2022,15,211374.05402912622,210047.51591927416,212700.59213897827,4326
91,car_hev,2023,3,44065.89545267489,43994.057011452314,44137.73389389747,179820
92,car_hev,2023,4,61705.37734088871,61568.89491729454,61841.85976448287,105885
93,car_hev,2023,5,74583.73912625316,74400.31074342626,74767.16750908006,80996
94,car_hev,2023,6,92359.16137731614,92072.33570421227,92645.98705042001,52566
95,car_hev,2023,7,111348.96150485128,110978.23551216959,111719.68749753297,46895
96,car_hev,2023,8,131590.26729558277,131114.7815499012,132065.75304126434,38463
97,car_hev,2023,9,145808.79102976905,145215.92192081505,146401.66013872306,27579
98,car_hev,2023,10,160223.55599316402,159545.3102561975,160901.80173013054,23113
99,car_hev,2023,11,173418.79938544965,172493.72347615412,174343.87529474517,13278
100,car_hev,2023,12,199470.94661471862,198184.66944708687,200757.22378235037,8085
101,car_hev,2023,13,221735.7548366013,220308.46020322727,223163.04946997532,7038
102,car_hev,2023,14,226930.39075601377,225242.85592754406,228617.92558448348,4656
103,car_hev,2023,15,220439.10229785182,218964.30937012046,221913.89522558317,4143
104,car_hev,2023,16,222326.45694842408,220919.19941904192,223733.71447780624,4188
105,car_bev,2015,3,26167.48898119122,25611.22075104091,26723.757211341534,638
106,car_bev,2016,3,36693.355393501806,36130.151199095635,37256.55958790798,1385
107,car_bev,2016,4,35874.86266897747,35089.07086446826,36660.65447348668,577
108,car_bev,2017,3,36043.33275507765,35713.261757803644,36373.40375235166,4185
109,car_bev,2017,4,47765.014272030654,46968.347126358465,48561.68141770284,1044
110,car_bev,2017,5,45604.1437006237,44625.29839571198,46582.989005535426,481
111,car_bev,2018,3,36801.46982737192,36529.4540416056,37073.48561313824,7241
112,car_bev,2018,4,48223.68600000001,47787.47610038473,48659.89589961529,3890
113,car_bev,2018,5,58484.38449438203,57673.533073668055,59295.235915096004,1246
114,car_bev,2018,6,54589.086710526324,53471.33341321458,55706.840007838066,532
115,car_bev,2019,3,43132.057082677646,42833.57381907565,43430.54034627964,8261
116,car_bev,2019,4,49375.36835507991,49030.34540193477,49720.39130822505,6821
117,car_bev,2019,5,60459.14269941891,59920.82814937307,60997.45724946475,3786
118,car_bev,2019,6,69507.96366185897,68601.7565243702,70414.17079934775,1248
119,car_bev,2019,7,63322.14687861272,62050.657446684,64593.63631054144,519
120,car_bev,2020,3,44079.24781928758,43768.73620494231,44389.75943363285,8057
121,car_bev,2020,4,55014.63977576008,54636.50834714248,55392.77120437768,7269
122,car_bev,2020,5,59827.69713386552,59413.63231343474,60241.7619542963,6514
123,car_bev,2020,6,69877.36632439679,69270.08468516699,70484.64796362659,3730
124,car_bev,2020,7,79404.82424841772,78396.73481900817,80412.91367782727,1264
125,car_bev,2020,8,72886.483187251,71448.20040649641,74324.76596800558,502
126,car_bev,2021,3,38927.65426049726,38709.63172723435,39145.67679376016,13313
127,car_bev,2021,4,54626.203753284295,54253.91937534052,54998.48813122807,7612
128,car_bev,2021,5,65036.595024526054,64600.37212505417,65472.817923997936,7543
129,car_bev,2021,6,68224.70848056539,67752.95076860879,68696.46619252198,6509
130,car_bev,2021,7,77984.28483130905,77324.42623439681,78644.14342822129,3705
131,car_bev,2021,8,85708.73098270441,84667.9439347431,86749.51803066571,1272
132,car_bev,2021,9,78083.1428080808,76560.54318349907,79605.74243266252,495
133,car_bev,2022,3,39772.342349894556,39634.42190945005,39910.26279033906,32244
134,car_bev,2022,4,52343.59215053764,52060.55511914749,52626.62918192779,12834
135,car_bev,2022,5,67907.84294941224,67477.71805099073,68337.96784783374,7571
136,car_bev,2022,6,77324.95436294946,76814.74425234011,77835.1644735588,7676
137,car_bev,2022,7,78641.02152492212,78106.97274362294,79175.0703062213,6420
138,car_bev,2022,8,88234.16001935306,87492.20596934613,88976.11406935999,3617
139,car_bev,2022,9,94734.3273926868,93625.12430029563,95843.53048507796,1258
140,car_bev,2022,10,83120.44073529413,81547.65180037358,84693.22967021469,476
141,car_bev,2023,3,42565.28745953562,42480.36832365477,42650.206595416465,94404
142,car_bev,2023,4,53532.549874457894,53351.452237752266,53713.64751116352,30667
143,car_bev,2023,5,65354.06955246304,65013.116407782196,65695.02269714388,12647
144,car_bev,2023,6,81002.08291606081,80487.27984213286,81516.88598998876,7565
145,car_bev,2023,7,89317.13310719492,88737.50219989181,89896.76401449804,7547
146,car_bev,2023,8,88976.43085620199,88350.38786609995,89602.47384630403,6377
147,car_bev,2023,9,97021.97527918783,96214.97021472781,97828.98034364784,3546
148,car_bev,2023,10,102465.42863636365,101269.12479109933,103661.73248162797,1232
149,car_bev,2023,11,90145.71641025641,88511.03841743588,91780.39440307695,468
150,car_diesel,2010,3,67044.22325402843,66955.69074923101,67132.75575882585,168800
151,car_diesel,2010,4,86905.38328744321,86796.42546471395,87014.34111017248,155589
152,car_diesel,2010,5,105422.33607722897,105295.59713663475,105549.0750178232,146111
153,car_diesel,2010,6,122148.14160530876,122003.43303652239,122292.85017409513,137961
154,car_diesel,2010,7,141391.58089829836,141225.20776068204,141557.95403591468,122643
155,car_diesel,2010,8,156901.57690753983,156751.76512462768,157051.38869045197,167391
156,car_diesel,2010,9,171847.77693277178,171660.7153297205,172034.83853582307,124888
157,car_diesel,2010,10,185335.42539301282,185098.88425006272,185571.9665359629,86015
158,car_diesel,2010,11,194996.39124788702,194722.09851233385,195270.6839834402,66849
159,car_diesel,2010,12,200973.53165110637,200668.4297052351,201278.63359697766,56447
160,car_diesel,2010,13,205346.32758338645,205009.55179251582,205683.10337425707,47070
161,car_diesel,2010,14,208615.2906260827,208223.23553505432,209007.34571711105,36369
162,car_diesel,2010,15,213938.1792728579,213490.20252485288,214386.15602086292,27835
163,car_diesel,2010,16,221393.91117253978,220867.2283745289,221920.59397055066,20801
164,car_diesel,2011,3,66244.15944773084,66156.67753538018,66331.6413600815,172597
165,car_diesel,2011,4,85542.97049667734,85434.74782627322,85651.19316708147,159661
166,car_diesel,2011,5,103879.73613732558,103755.84095046223,104003.63132418894,152863
167,car_diesel,2011,6,121410.26794488727,121270.1015470103,121550.43434276423,143778
168,car_diesel,2011,7,137091.29644999144,136933.85843009886,137248.73446988402,134487
169,car_diesel,2011,8,155190.2472264424,155013.91767291364,155366.5767799712,120322
170,car_diesel,2011,9,169559.6635143728,169401.33356855428,169717.99346019133,160094
171,car_diesel,2011,10,182758.48754854812,182561.04710128545,182955.92799581078,116225
172,car_diesel,2011,11,195053.00625730155,194797.03834116997,195308.97417343312,76525
173,car_diesel,2011,12,203548.38231348936,203247.63221827324,203849.13240870548,56793
174,car_diesel,2011,13,208826.29451515153,208478.69480449863,209173.89422580443,45540
175,car_diesel,2011,14,212430.12789288777,212043.4358841661,212816.81990160944,36149
176,car_diesel,2011,15,215038.86815921692,214584.52196685664,215493.2143515772,26869
177,car_diesel,2011,16,219585.1151805135,219051.2070925771,220119.0232684499,20137
178,car_diesel,2011,17,226400.3939260208,225777.2946780195,227023.4931740221,14842
179,car_diesel,2012,3,62532.93888775811,62448.84207552529,62617.03569999093,176868
180,car_diesel,2012,4,84357.61129685273,84250.4034191593,84464.81917454617,162077
181,car_diesel,2012,5,102520.81144815564,102396.13059899562,102645.49229731566,156613
182,car_diesel,2012,6,119842.49897060299,119704.80404600203,119980.19389520395,149777
183,car_diesel,2012,7,136285.9696089266,136133.11886667355,136438.82035117963,140076
184,car_diesel,2012,8,150749.3170592452,150581.27638682208,150917.3577316683,129749
185,car_diesel,2012,9,167666.75634070826,167479.44783000834,167854.06485140818,114984
186,car_diesel,2012,10,180504.76134884253,180336.86223858374,180672.66045910132,149417
187,car_diesel,2012,11,192282.38389994312,192070.14941832452,192494.6183815617,103681
188,car_diesel,2012,12,203573.48727735173,203289.77667297894,203857.1978817245,65069
189,car_diesel,2012,13,211109.38029998483,210764.1446581317,211454.61594183795,45969
190,car_diesel,2012,14,215552.98069378265,215146.13339596346,215959.82799160184,34838
191,car_diesel,2012,15,218030.698973086,217567.5592665049,218493.8386796671,26789
192,car_diesel,2012,16,220177.9627551126,219642.05284735293,220713.87266287225,19364
193,car_diesel,2012,17,224085.77005768297,223442.494397618,224729.04571774794,14389
194,car_diesel,2012,18,229845.3896711027,229085.26158125902,230605.51776094636,10520
195,car_diesel,2013,3,61969.01261395649,61886.0555162708,62051.96971164218,182811
196,car_diesel,2013,4,79926.75634482424,79823.95184227152,80029.56084737697,165609
197,car_diesel,2013,5,101014.57364343326,100891.47564646899,101137.67164039754,159067
198,car_diesel,2013,6,118532.07024582896,118394.07773625948,118670.06275539844,154457
199,car_diesel,2013,7,134669.70004761516,134520.505168232,134818.89492699833,146592
200,car_diesel,2013,8,149887.27636632547,149724.52909372112,150050.02363892982,135901
201,car_diesel,2013,9,163037.4939181141,162859.2892602614,163215.69857596682,124417
202,car_diesel,2013,10,178789.595055235,178592.40271917885,178986.78739129115,109170
203,car_diesel,2013,11,190463.33616135022,190283.90550852343,190642.766814177,136746
204,car_diesel,2013,12,200516.71237134,200284.9505142037,200748.4742284763,90607
205,car_diesel,2013,13,210795.46183406276,210478.12218563736,211112.80148248817,53924
206,car_diesel,2013,14,217676.12525696948,217283.3216259994,218068.92888793955,36911
207,car_diesel,2013,15,220834.61789604055,220364.9018692352,221304.3339228459,26645
208,car_diesel,2013,16,222620.5749632893,222075.8930382714,223165.25688830722,19749
209,car_diesel,2013,17,224766.56508659536,224125.97312630288,225407.15704688785,14204
210,car_diesel,2013,18,228945.41691190252,228178.6767016618,229712.15712214322,10670
211,car_diesel,2013,19,233460.8857140989,232530.48781610103,234391.28361209677,7646
212,car_diesel,2014,3,63068.76779471239,62985.532979938806,63152.00260948597,186928
213,car_diesel,2014,4,79563.65496291696,79461.2956618176,79666.01426401632,170698
214,car_diesel,2014,5,96259.82257903885,96141.64042074277,96378.00473733494,161661
215,car_diesel,2014,6,117093.5763201615,116956.58077730666,117230.57186301635,156015
216,car_diesel,2014,7,133600.14658035233,133449.80331912427,133750.4898415804,151153
217,car_diesel,2014,8,148393.37480906394,148234.46717168143,148552.28244644645,142587
218,car_diesel,2014,9,162446.64792297187,162274.84069804804,162618.4551478957,131043
219,car_diesel,2014,10,174478.23090740535,174290.31306103777,174666.14875377293,118117
220,car_diesel,2014,11,188665.07487492694,188457.52245870355,188872.62729115033,100941
221,car_diesel,2014,12,199587.8428532502,199393.5069162857,199782.17879021468,122208
222,car_diesel,2014,13,208132.67517388047,207875.72182620215,208389.6285215588,77352
223,car_diesel,2014,14,217306.4530756921,216947.23486696664,217665.67128441753,43743
224,car_diesel,2014,15,223456.0578994877,222993.61625868213,223918.49954029327,28693
225,car_diesel,2014,16,225906.78572182232,225345.27878575522,226468.29265788943,20282
226,car_diesel,2014,17,226667.00606027915,226020.31000206163,227313.70211849667,14831
227,car_diesel,2014,18,229129.3480052469,228374.81968862342,229883.87632187037,10673
228,car_diesel,2014,19,232620.8838047053,231692.91133102274,233548.8562783879,7906
229,car_diesel,2014,20,237230.93696044415,236130.83246427795,238331.04145661034,5764
230,car_diesel,2015,3,60896.07169415592,60816.43944668903,60975.703941622814,190620
231,car_diesel,2015,4,80802.87029620717,80700.94470190587,80904.79589050847,174540
232,car_diesel,2015,5,95793.46262181681,95678.20213148705,95908.72311214657,167403
233,car_diesel,2015,6,111972.1792472928,111840.1065416758,112104.2519529098,158375
234,car_diesel,2015,7,131978.2180024244,131828.5998394265,132127.8361654223,152615
235,car_diesel,2015,8,147517.36415054204,147357.89448124688,147676.8338198372,147600
236,car_diesel,2015,9,161230.23892356036,161061.44182950273,161399.036017618,137481
237,car_diesel,2015,10,174217.34083411554,174034.9264008163,174399.7552674148,124647
238,car_diesel,2015,11,184757.04187540017,184557.85924748745,184956.2245033129,109310
239,car_diesel,2015,12,198144.006053477,197919.7996857686,198368.2124211854,91516
240,car_diesel,2015,13,208194.76986247158,207980.89277044014,208408.64695450303,106887
241,car_diesel,2015,14,215180.16830168088,214890.99222242186,215469.3443809399,64134
242,car_diesel,2015,15,222696.79428769418,222279.73839147048,223113.85018391788,34634
243,car_diesel,2015,16,228712.47515503876,228169.25189738956,229255.69841268795,22188
244,car_diesel,2015,17,230108.53290141205,229457.04586031218,230760.01994251192,15651
245,car_diesel,2015,18,231815.63998753452,231051.9973128251,232579.28266224396,11231
246,car_diesel,2015,19,233699.89600964513,232785.04419663278,234614.7478226575,8087
247,car_diesel,2015,20,238066.13731170335,236967.295168186,239164.9794552207,6041
248,car_diesel,2015,21,242284.6138940881,240925.41936419797,243643.80842397825,4381
249,car_diesel,2016,3,58855.57212420298,58779.61439616479,58931.529852241176,193216
250,car_diesel,2016,4,78444.50095513693,78347.47711314331,78541.52479713055,178833
251,car_diesel,2016,5,96865.0940231303,96749.90643802503,96980.28160823556,170253
252,car_diesel,2016,6,111547.30419819515,111419.02190363995,111675.58649275036,164666
253,car_diesel,2016,7,126645.38514492942,126501.32508048895,126789.44520936988,154282
254,car_diesel,2016,8,145665.15731451547,145506.0283559141,145824.28627311683,148476
255,car_diesel,2016,9,160298.94190578055,160130.99675746768,160466.88705409341,142582
256,car_diesel,2016,10,172684.992306416,172507.76156896906,172862.22304386296,130783
257,car_diesel,2016,11,184278.79491765582,184087.20878394166,184470.38105136997,115673
258,car_diesel,2016,12,193740.65086113918,193526.5520825301,193954.74963974825,99020
259,car_diesel,2016,13,206083.24710511908,205839.26257905434,206327.23163118382,80366
260,car_diesel,2016,14,215002.8809769714,214765.6001438434,215240.16181009944,90279
261,car_diesel,2016,15,220599.90167442957,220266.80758598764,220932.9957628715,51098
262,car_diesel,2016,16,227032.94493175208,226546.1086859194,227519.78117758475,26814
263,car_diesel,2016,17,232342.3800519358,231714.98154973672,232969.77855413486,16944
264,car_diesel,2016,18,233308.9819474524,232543.7760232534,234074.18787165143,11913
265,car_diesel,2016,19,235494.3910856871,234558.45292239627,236430.3292489779,8391
266,car_diesel,2016,20,237240.6051986379,236182.27376860462,238298.9366286712,6167
267,car_diesel,2016,21,242856.90493657504,241555.80632190764,244158.00355124244,4730
268,car_diesel,2016,22,244480.42558748223,242964.7008650003,245996.15030996414,3515
269,car_diesel,2017,3,58199.6015637346,58124.38303865147,58274.82008881773,193639
270,car_diesel,2017,4,75831.57750850808,75730.76599220152,75932.38902481465,154265
271,car_diesel,2017,5,94474.74617017985,94354.69086604573,94594.80147431396,148678
272,car_diesel,2017,6,112746.8583438754,112608.46261052824,112885.25407722256,143552
273,car_diesel,2017,7,126487.38502852617,126336.95864442414,126637.8114126282,138820
274,car_diesel,2017,8,140410.62317526885,140245.47139208854,140575.77495844915,129715
275,car_diesel,2017,9,158399.08700647549,158219.54761975494,158578.62639319603,124315
276,car_diesel,2017,10,171774.4882745713,171587.39381834373,171961.5827307989,118614
277,car_diesel,2017,11,182846.5989470655,182646.0344285927,183047.1634655383,105999
278,car_diesel,2017,12,192976.37803171412,192756.84656049137,193195.90950293688,91379
279,car_diesel,2017,13,201365.6619738198,201118.3661768716,201612.957770768,75706
280,car_diesel,2017,14,212355.59445614798,212067.23558371927,212643.9533285767,59621
281,car_diesel,2017,15,220206.83463617956,219918.69140168052,220494.9778706786,63699
282,car_diesel,2017,16,224502.20653178185,224085.33579686767,224919.07726669603,34375
283,car_diesel,2017,17,230506.88823506134,229898.0725559543,231115.70391416838,17689
284,car_diesel,2017,18,235101.90113245152,234289.66750030158,235914.13476460145,11038
285,car_diesel,2017,19,235846.02672477887,234893.35399146873,236798.69945808902,7801
286,car_diesel,2017,20,236911.61257331903,235782.40541941463,238040.81972722342,5592
287,car_diesel,2017,21,242195.25269230772,240864.46189311583,243526.04349149961,4186
288,car_diesel,2017,22,245118.8285053929,243504.82359381905,246732.83341696678,3245
289,car_diesel,2017,23,246076.8225519288,244155.66418753576,247997.98091632186,2359
290,car_diesel,2018,3,57548.76663974719,57474.45061455718,57623.0826649372,196512
291,car_diesel,2018,4,74478.85603351064,74387.05678431163,74570.65528270966,181793
292,car_diesel,2018,5,90976.99049971573,90871.24810203638,91082.73289739508,175880
293,car_diesel,2018,6,109342.14890038384,109218.50908108184,109465.78871968584,169350
294,car_diesel,2018,7,126716.87499728393,126577.38978488895,126856.36020967891,161998
295,car_diesel,2018,8,139221.08672871982,139072.55444513366,139369.61901230598,156049
296,car_diesel,2018,9,152006.249421979,151844.10668884084,152168.39215511718,143282
297,car_diesel,2018,10,168691.46409195746,168517.06094771432,168865.8672362006,135280
298,car_diesel,2018,11,180963.57444882835,180779.73291310508,181147.41598455163,124952
299,car_diesel,2018,12,191043.51730733164,190841.5008248028,191245.5337898605,107711
300,car_diesel,2018,13,199733.6985377907,199509.36821904688,199958.02885653454,88633
301,car_diesel,2018,14,206633.9517848547,206372.5146587841,206895.3889109253,70213
302,car_diesel,2018,15,216876.96166111773,216563.09885370507,217190.8244685304,53163
303,car_diesel,2018,16,223342.99005609067,223021.66074800453,223664.3193641768,54198
304,car_diesel,2018,17,226797.58096196555,226323.17653982123,227271.98538410987,28369
305,car_diesel,2018,18,231221.1963494702,230540.21520740163,231902.17749153878,14439
306,car_diesel,2018,19,235897.6274399118,234998.99886579567,236796.25601402792,9070
307,car_diesel,2018,20,236334.57365331706,235269.1094587543,237400.0378478798,6542
308,car_diesel,2018,21,239274.4328410982,238040.9558315568,240507.90985063958,4808
309,car_diesel,2018,22,244667.63223917191,243205.22293812816,246130.04154021567,3671
310,car_diesel,2018,23,246307.227034384,244534.3578633012,248080.0962054668,2792
311,car_diesel,2018,24,246979.1243010753,244888.44926598953,249069.79933616106,2046
312,car_diesel,2019,3,55983.09038258482,55911.11804889991,56055.062716269735,197368
313,car_diesel,2019,4,74068.17605088196,73976.05480317965,74160.29729858426,183798
314,car_diesel,2019,5,89742.41860333052,89637.66686877327,89847.17033788776,177150
315,car_diesel,2019,6,105952.56037081139,105834.44629776196,106070.67444386083,172163
316,car_diesel,2019,7,123394.38943170928,123259.43372630843,123529.34513711013,164810
317,car_diesel,2019,8,139718.25691922958,139569.8792156181,139866.63462284105,156951
318,car_diesel,2019,9,151483.3125477648,151326.76171651832,151639.86337901128,150948
319,car_diesel,2019,10,163190.8962905239,163019.5348283158,163362.257752732,136987
320,car_diesel,2019,11,178362.70850256347,178179.5083907473,178545.90861437964,126002
321,car_diesel,2019,12,189817.97051792266,189621.3960838839,190014.5449519614,113376
322,car_diesel,2019,13,198633.5241259644,198414.9790403182,198852.06921161062,94487
323,car_diesel,2019,14,206256.58570718652,206009.04846443486,206504.12294993817,75461
324,car_diesel,2019,15,211761.6782158416,211463.6965574965,212059.65987418668,56699
325,car_diesel,2019,16,220504.91000550857,220143.535389706,220866.28462131115,41753
326,car_diesel,2019,17,226488.69760521024,226107.4912966664,226869.90391375407,41227
327,car_diesel,2019,18,228648.09757495634,228094.2798816409,229201.91526827178,21179
328,car_diesel,2019,19,232097.4897426022,231265.2840478894,232929.69543731498,10645
329,car_diesel,2019,20,236087.92848020807,235043.32295836814,237132.534002048,6922
330,car_diesel,2019,21,236853.40971647963,235630.52762075522,238076.29181220403,5079
331,car_diesel,2019,22,241895.0264249934,240450.73383471143,243339.3190152754,3793
332,car_diesel,2019,23,246234.3233173077,244600.37885243713,247868.26778217824,2912
333,car_diesel,2019,24,245933.83247551203,243991.14467923882,247876.52027178524,2246
334,car_diesel,2019,25,247277.5513722026,244981.1843722993,249573.91837210592,1698
335,car_diesel,2020,3,54505.386148763464,54422.91876277126,54587.85353475567,148316
336,car_diesel,2020,4,70376.49030767375,70285.92733187192,70467.05328347559,174048
337,car_diesel,2020,5,87010.86186167989,86905.4467388834,87116.27698447638,172108
338,car_diesel,2020,6,102493.58720914442,102376.77330726318,102610.40111102565,167884
339,car_diesel,2020,7,117858.90276640853,117729.33529808409,117988.47023473297,161791
340,car_diesel,2020,8,134194.87914675902,134049.90494654435,134339.8533469737,153919
341,car_diesel,2020,9,149546.27840997736,149388.63929343826,149703.91752651645,145369
342,car_diesel,2020,10,160909.44308102416,160743.84097134732,161075.045190701,139551
343,car_diesel,2020,11,171023.64000932264,170843.719937811,171203.5600808343,124429
344,car_diesel,2020,12,185202.39857069313,185005.78976011323,185399.00738127303,108773
345,car_diesel,2020,13,195812.94497255379,195599.07421294364,196026.81573216393,97099
346,car_diesel,2020,14,204192.05565801667,203946.49563351268,204437.61568252067,77688
347,car_diesel,2020,15,210568.76563027184,210287.56049065958,210849.9707698841,59752
348,car_diesel,2020,16,214734.70368431995,214388.26441609662,215081.14295254328,43297
349,car_diesel,2020,17,222067.88711075808,221645.0606440936,222490.71357742255,30842
350,car_diesel,2020,18,227235.99519299765,226786.5049932299,227685.4853927654,30104
351,car_diesel,2020,19,230189.34556997634,229518.32697129474,230860.36416865795,15641
352,car_diesel,2020,20,231590.28785786676,230630.970266695,232549.60544903853,7894
353,car_diesel,2020,21,237614.66570625847,236371.33950893205,238857.9919035849,5161
354,car_diesel,2020,22,239415.34109192484,237974.31267097587,240856.36951287382,3938
355,car_diesel,2020,23,240954.132375,239277.6703238034,242630.59442619656,2800
356,car_diesel,2020,24,249424.49790322583,247457.5356445726,251391.46016187905,2232
357,car_diesel,2020,25,244962.48519579193,242754.40515722684,247170.56523435703,1711
358,car_diesel,2020,26,248230.6773265157,245680.49102713395,250780.86362589744,1369
359,car_diesel,2021,3,50680.44358420272,50612.76138452138,50748.12578388407,197553
360,car_diesel,2021,4,66852.93216567009,66754.32423609852,66951.54009524167,140146
361,car_diesel,2021,5,82198.59946671447,82098.28922619754,82298.9097072314,175722
362,car_diesel,2021,6,99040.87501576601,98926.78274112282,99154.9672904092,175060
363,car_diesel,2021,7,113832.71124256938,113707.83113664383,113957.59134849493,169568
364,car_diesel,2021,8,128520.63418953046,128384.48213206073,128656.7862470002,163140
365,car_diesel,2021,9,144223.7729148368,144074.05477027476,144373.49105939883,154609
366,car_diesel,2021,10,158806.8868740695,158645.38280653002,158968.39094160896,145755
367,car_diesel,2021,11,169245.9026958467,169077.76618833165,169414.03920336172,137697
368,car_diesel,2021,12,178574.82368091852,178389.71249987156,178759.93486196548,120546
369,car_diesel,2021,13,191681.98322276725,191477.29749095938,191886.6689545751,102955
370,car_diesel,2021,14,201517.60592798222,201291.35743151998,201743.85442444446,88978
371,car_diesel,2021,15,208826.78879624914,208562.7640988855,209090.81349361278,68677
372,car_diesel,2021,16,214368.07338998263,214060.73838122876,214675.4083987365,51251
373,car_diesel,2021,17,216758.23037471055,216374.89838571768,217141.56236370342,35841
374,car_diesel,2021,18,223937.56096091776,223461.6638034105,224413.458118425,25715
375,car_diesel,2021,19,228672.4212956976,228160.072256463,229184.7703349322,24126
376,car_diesel,2021,20,230632.7442112915,229866.45120631545,231399.03721626752,12381
377,car_diesel,2021,21,232749.20627137256,231663.3998477885,233835.01269495662,6375
378,car_diesel,2021,22,236867.0496068336,235488.71502912344,238245.38418454377,4273
379,car_diesel,2021,23,241271.56741478917,239733.46544558593,242809.6693839924,3462
380,car_diesel,2021,24,242964.495923825,241131.76088780726,244797.2309598427,2468
381,car_diesel,2021,25,244531.6612375459,242528.47814576508,246534.8443293267,1907
382,car_diesel,2021,26,243960.49769930073,241512.91853628354,246408.07686231792,1430
383,car_diesel,2021,27,243968.2967954346,241181.96086750625,246754.63272336297,1139
384,car_diesel,2022,3,49859.40370632273,49791.61457864859,49927.19283399687,202365
385,car_diesel,2022,4,66527.95470726132,66442.4896226719,66613.41979185074,188120
386,car_diesel,2022,5,81596.59123349095,81482.85325914965,81710.32920783226,138939
387,car_diesel,2022,6,96471.77359807276,96359.54267226474,96584.00452388078,175380
388,car_diesel,2022,7,112556.09842188397,112430.67799147838,112681.51885228956,172839
389,car_diesel,2022,8,126523.64120243386,126389.56730294805,126657.71510191968,167635
390,car_diesel,2022,9,140394.78891684447,140251.11843683393,140538.459396855,160771
391,car_diesel,2022,10,155173.96768630834,155018.50183247993,155329.43354013676,151939
392,car_diesel,2022,11,168733.33605775164,168566.1655498372,168900.5065656661,140983
393,car_diesel,2022,12,178328.87186440805,178153.832439696,178503.9112891201,131350
394,car_diesel,2022,13,186717.09445626818,186522.9336807045,186911.25523183186,112298
395,car_diesel,2022,14,198565.28741557148,198347.8876110728,198782.68722007016,93363
396,car_diesel,2022,15,207751.92850150506,207505.92244565472,207997.9345573554,77738
397,car_diesel,2022,16,213854.72631870117,213564.69771261848,214144.75492478386,58205
398,car_diesel,2022,17,218606.48391874,218260.03152847078,218952.93630900924,42284
399,car_diesel,2022,18,219807.6618888889,219372.68266219515,220242.64111558264,28980
400,car_diesel,2022,19,225944.82063687147,225405.36306082216,226484.2782129208,20585
401,car_diesel,2022,20,230927.74956707927,230335.6637538922,231519.83538026633,19149
402,car_diesel,2022,21,231992.29335737182,231136.67260124531,232847.91411349832,9984
403,car_diesel,2022,22,234415.7354631202,233202.54200939668,235628.9289168437,5301
404,car_diesel,2022,23,239524.2453075862,238034.78269971634,241013.7079154561,3625
405,car_diesel,2022,24,243856.7403125,242169.02689863392,245544.4537263661,2944
406,car_diesel,2022,25,247599.07254161043,245642.89884163975,249555.2462415811,2223
407,car_diesel,2022,26,245489.62791666665,243322.11771094406,247657.13812238924,1680
408,car_diesel,2022,27,244086.6899359488,241428.9586449592,246744.42122693837,1249
409,car_diesel,2022,28,246141.67281101618,243200.82170079733,249082.52392123503,1053
410,car_diesel,2023,3,50938.02168827126,50865.71413875562,51010.32923778691,199186
411,car_diesel,2023,4,66747.3232011683,66659.71822076107,66834.92818157552,191730
412,car_diesel,2023,5,82240.60429409341,82139.18500696895,82342.02358121787,184472
413,car_diesel,2023,6,96702.72561894941,96572.73709816167,96832.71413973715,137693
414,car_diesel,2023,7,110468.97880362997,110344.9052223086,110593.05238495134,173224
415,car_diesel,2023,8,125680.63298776808,125544.98789170022,125816.27808383595,170619
416,car_diesel,2023,9,138694.00351656022,138550.5487757001,138837.45825742034,164823
417,car_diesel,2023,10,151638.3800848186,151487.36150309336,151789.39866654386,157041
418,car_diesel,2023,11,165340.68864228105,165178.63220383736,165502.74508072474,146179
419,car_diesel,2023,12,178144.7058689165,177969.15883253436,178320.25290529864,133701
420,car_diesel,2023,13,186520.2119526453,186336.70976225912,186703.71414303148,122480
421,car_diesel,2023,14,194032.45845860225,193825.86864690096,194239.04827030355,102433
422,car_diesel,2023,15,205049.77177336637,204812.51753955655,205287.0260071762,81506
423,car_diesel,2023,16,213133.31432635998,212860.87206634344,213405.75658637652,66252
424,car_diesel,2023,17,217887.12222606238,217561.73239094872,218212.51206117604,48031
425,car_diesel,2023,18,221717.40080147967,221321.91078943922,222112.89081352012,34062
426,car_diesel,2023,19,222750.0005284375,222247.17692267973,223252.82413419525,22822
427,car_diesel,2023,20,227718.75909386307,227093.8485715713,228343.66961615486,16311
428,car_diesel,2023,21,233844.97635833226,233160.134756071,234529.81796059353,15254
429,car_diesel,2023,22,233553.43820852964,232593.69335459438,234513.1830624649,8066
430,car_diesel,2023,23,236527.5188799633,235168.12049126992,237886.91726865666,4357
431,car_diesel,2023,24,241274.79571337174,239632.9020355269,242916.68939121658,3126
432,car_diesel,2023,25,243885.73828186854,242058.08481897187,245713.39174476522,2526
433,car_diesel,2023,26,248481.76795180724,246349.79398585996,250613.74191775452,1909
434,car_diesel,2023,27,248458.86129836066,246177.9241429752,250739.79845374613,1525
435,car_diesel,2023,28,247362.77196319023,244490.9920651149,250234.55186126556,1141
436,car_diesel,2023,29,248960.38654411765,245877.9035156626,252042.8695725727,952
437,car_petrol,2010,3,39648.0760477767,39597.38267893501,39698.769416618394,170041
438,car_petrol,2010,4,52462.735105636915,52397.72237572706,52527.74783554677,157994
439,car_petrol,2010,5,65312.05347074792,65234.35576840712,65389.75117308871,152143
440,car_petrol,2010,6,77856.65214186361,77764.97942789485,77948.32485583237,144505
441,car_petrol,2010,7,92305.3589134858,92174.70416337752,92436.01366359409,89939
442,car_petrol,2010,8,104634.75017768392,104517.6880891028,104751.81226626504,143457
443,car_petrol,2010,9,117391.79107527557,117265.89109802127,117517.69105252987,143433
444,car_petrol,2010,10,129626.03216091632,129479.26936409716,129772.79495773549,127557
445,car_petrol,2010,11,140366.9700437966,140192.5485360984,140541.39155149483,104346
446,car_petrol,2010,12,144893.30116769625,144688.53529794086,145098.06703745163,79644
447,car_petrol,2010,13,149847.95017828228,149597.89978542444,150098.00057114012,59288
448,car_petrol,2010,14,154668.39312730788,154358.82280903426,154977.9634455815,40351
449,car_petrol,2010,15,159132.05430704742,158736.55003840942,159527.55857568543,26719
450,car_petrol,2010,16,162945.36933501437,162420.9849912955,163469.75367873325,17053
451,car_petrol,2011,3,38890.405381670316,38840.255992241386,38940.55477109925,172387
452,car_petrol,2011,4,51639.23385685787,51576.091787181336,51702.375926534405,162412
453,car_petrol,2011,5,64088.21792465589,64012.73715520802,64163.698694103754,156774
454,car_petrol,2011,6,76587.70864765879,76498.96165945353,76676.45563586404,150990
455,car_petrol,2011,7,88668.84782945902,88566.6012013273,88771.09445759073,141702
456,car_petrol,2011,8,102744.98173876158,102603.24965134604,102886.71382617712,89581
457,car_petrol,2011,9,114139.87123563944,114015.64532927162,114264.09714200726,138835
458,car_petrol,2011,10,126046.25260292825,125908.59106346815,126183.91414238834,135167
459,car_petrol,2011,11,136954.38432375572,136795.1508076891,137113.61783982234,115025
460,car_petrol,2011,12,146119.04216551283,145926.9673602656,146311.11697076005,89697
461,car_petrol,2011,13,148871.26397398842,148630.35470150542,149112.17324647142,63664
462,car_petrol,2011,14,152779.40077016628,152492.16705828905,153066.6344820435,45224
463,car_petrol,2011,15,156467.61344164982,156099.78882781405,156835.4380554856,29143
464,car_petrol,2011,16,160726.1146873177,160254.43840571062,161197.79096892476,18853
465,car_petrol,2011,17,162815.9782073379,162183.55765104134,163448.39876363447,11720
466,car_petrol,2012,3,36637.626969262994,36589.64593535899,36685.608003167,176660
467,car_petrol,2012,4,50695.00378371131,50632.90685448834,50757.10071293428,164077
468,car_petrol,2012,5,63280.5569617051,63206.53956829052,63354.57435511968,160883
469,car_petrol,2012,6,75357.3599273859,75271.75018001442,75442.96967475738,155204
470,car_petrol,2012,7,87457.76588054553,87359.56057270829,87555.97118838277,148408
471,car_petrol,2012,8,98806.2479869124,98693.64542698536,98918.85054683946,138146
472,car_petrol,2012,9,112431.06834285126,112281.17127119856,112580.96541450395,87554
473,car_petrol,2012,10,122780.59830445837,122645.10113000724,122916.0954789095,130967
474,car_petrol,2012,11,133372.81953003613,133222.42033215094,133523.2187279213,122286
475,car_petrol,2012,12,142613.89542741087,142439.3342947556,142788.45656006614,98968
476,car_petrol,2012,13,150633.29790686516,150415.67332189588,150850.92249183444,72948
477,car_petrol,2012,14,151284.32225475935,151010.94010409672,151557.70440542197,48799
478,car_petrol,2012,15,154142.0067376491,153787.33057192637,154496.6829033718,32872
479,car_petrol,2012,16,157656.0991108191,157212.78245930205,158099.41576233617,20547
480,car_petrol,2012,17,161809.61501669124,161220.53746676465,162398.69256661783,12881
481,car_petrol,2012,18,162619.83354993077,161842.6667038891,163397.00039597246,7941
482,car_petrol,2013,3,36956.576426939944,36909.29210652244,37003.86074735745,179941
483,car_petrol,2013,4,47810.95471679174,47751.44041516537,47870.46901841811,169363
484,car_petrol,2013,5,62127.29584325819,62054.853143101,62199.73854341538,162471
485,car_petrol,2013,6,74551.25681760519,74467.16350998018,74635.3501252302,160021
486,car_petrol,2013,7,86210.31886880482,86115.0288998657,86305.60883774394,153466
487,car_petrol,2013,8,97681.77398818721,97572.6456642109,97790.90231216353,145605
488,car_petrol,2013,9,108383.3395437978,108261.50836966952,108505.17071792608,133888
489,car_petrol,2013,10,121088.9774812814,120926.60649703738,121251.34846552541,84408
490,car_petrol,2013,11,130467.23972772565,130322.03826196949,130612.44119348182,120834
491,car_petrol,2013,12,139498.6262397379,139336.93040147587,139660.32207799994,108043
492,car_petrol,2013,13,147273.16572016012,147077.0293682111,147469.30207210913,82440
493,car_petrol,2013,14,154017.3775756947,153768.19024997563,154266.56490141377,57798
494,car_petrol,2013,15,153347.4386533516,153023.92818845174,153670.94911825145,36550
495,car_petrol,2013,16,155070.57299763933,154652.64830941896,155488.4976858597,23722
496,car_petrol,2013,17,158549.5762009855,157993.9437386279,159105.2086633431,14409
497,car_petrol,2013,18,162875.88087472037,162119.04449195115,163632.7172574896,8940
498,car_petrol,2013,19,163391.36138430875,162418.35919973315,164364.36356888435,5519
499,car_petrol,2014,3,36657.260024576695,36611.99663834792,36702.52341080547,183914
500,car_petrol,2014,4,48296.400280561225,48237.88240385848,48354.91815726397,173046
501,car_petrol,2014,5,58860.09934851065,58790.32069581943,58929.878001201876,168629
502,car_petrol,2014,6,73375.39833316789,73292.28357097041,73458.51309536537,161180
503,car_petrol,2014,7,85488.21429798174,85394.09899984577,85582.32959611772,157909
504,car_petrol,2014,8,96697.38370872554,96592.3960928319,96802.37132461918,150971
505,car_petrol,2014,9,107337.99868370919,107220.5792126135,107455.41815480487,141724
506,car_petrol,2014,10,117272.79477777865,117141.38346673657,117404.20608882072,128273
507,car_petrol,2014,11,128998.85485003982,128824.89492100316,129172.81477907648,79121
508,car_petrol,2014,12,137149.42623748136,136991.57239148812,137307.2800834746,108438
509,car_petrol,2014,13,144832.42366445914,144651.686258093,145013.1610708253,91959
510,car_petrol,2014,14,151471.51000434236,151246.824834285,151696.1951743997,66784
511,car_petrol,2014,15,156648.0144009873,156357.60785724584,156938.42094472877,44565
512,car_petrol,2014,16,154699.62560247895,154310.42398719385,155088.82721776405,26947
513,car_petrol,2014,17,155176.5807573551,154679.9782622606,155673.1832524496,17165
514,car_petrol,2014,18,159519.1720286987,158829.0264845475,160209.3175728499,10105
515,car_petrol,2014,19,163743.14852350054,162817.83304269044,164668.46400431063,6319
516,car_petrol,2014,20,163003.67484530812,161843.40102749143,164163.94866312481,3911
517,car_petrol,2015,3,35682.74758327891,35639.90060106338,35725.594565494444,188313
518,car_petrol,2015,4,47948.8636814763,47892.19377580614,48005.53358714646,175359
519,car_petrol,2015,5,59427.622961405556,59359.01169549816,59496.234227312954,172175
520,car_petrol,2015,6,69607.60266624455,69527.86490846203,69687.34042402708,167404
521,car_petrol,2015,7,84175.49169875954,84082.62005917142,84268.36333834766,158810
522,car_petrol,2015,8,95894.5510155692,95791.41851811047,95997.68351302794,155371
523,car_petrol,2015,9,106522.07174661888,106407.99256181196,106636.1509314258,147067
524,car_petrol,2015,10,116433.31477133122,116306.3943434382,116560.23519922425,136748
525,car_petrol,2015,11,125437.05163954508,125293.90639399579,125580.19688509438,120015
526,car_petrol,2015,12,135877.8531011314,135685.49347202064,136070.21273024214,72035
527,car_petrol,2015,13,143243.22939914206,143067.12285348788,143419.33594479624,94182
528,car_petrol,2015,14,149653.90102455288,149449.49954180064,149858.3025073051,75877
529,car_petrol,2015,15,154915.03678984803,154651.86494462416,155178.2086350719,52443
530,car_petrol,2015,16,158907.35274429008,158564.8031624425,159249.90232613767,33976
531,car_petrol,2015,17,155824.9495239521,155372.9164779069,156276.9825699973,20040
532,car_petrol,2015,18,156480.99790848637,155865.45866397343,157096.5371529993,12632
533,car_petrol,2015,19,159850.75797672826,159034.2023799293,160667.3135735272,7305
534,car_petrol,2015,20,164952.59833152054,163906.57566163925,165998.62100140183,4597
535,car_petrol,2015,21,165015.50992234383,163626.37724375635,166404.6426009313,2833
536,car_petrol,2016,3,35597.29898535236,35555.55362129234,35639.04434941238,190884
537,car_petrol,2016,4,46794.599095948826,46741.045387961756,46848.1528039359,180565
538,car_petrol,2016,5,59038.67215663503,58972.607863800804,59104.73644946926,173933
539,car_petrol,2016,6,70274.61110991669,70196.20441033765,70353.01780949572,171166
540,car_petrol,2016,7,79993.68216370048,79904.00866157675,80083.3556658242,164801
541,car_petrol,2016,8,94460.60173485607,94358.4104400148,94562.79302969734,156036
542,car_petrol,2016,9,105699.99593425845,105587.33704170799,105812.65482680891,151837
543,car_petrol,2016,10,115654.19667151665,115531.39697737135,115776.99636566195,142269
544,car_petrol,2016,11,124682.74133242173,124543.79297385858,124821.68969098489,128713
545,car_petrol,2016,12,132541.66682499042,132387.55850122366,132695.77514875718,109354
546,car_petrol,2016,13,141845.1626970354,141632.36482117692,142057.9605728939,63618
547,car_petrol,2016,14,147824.50855401315,147625.58664257242,148023.4304654539,78666
548,car_petrol,2016,15,152987.70453100745,152751.64387459712,153223.76518741777,59905
549,car_petrol,2016,16,157210.18840367752,156897.13734321835,157523.23946413668,40136
550,car_petrol,2016,17,160102.62309601076,159703.15550252728,160502.09068949425,25268
551,car_petrol,2016,18,157489.9748614373,156943.64483900167,158036.30488387294,14903
552,car_petrol,2016,19,157109.55666666667,156408.9245245083,157810.18880882504,9177
553,car_petrol,2016,20,160254.794700661,159277.6934243737,161231.89597694832,5295
554,car_petrol,2016,21,166730.84401247403,165479.5934482361,167982.09457671197,3367
555,car_petrol,2016,22,166918.67512987016,165202.19651481922,168635.1537449211,2156
556,car_petrol,2017,3,35312.51326738816,35270.72192462407,35354.30461015225,191826
557,car_petrol,2017,4,46744.98455839999,46688.39206147134,46801.57705532864,155899
558,car_petrol,2017,5,57873.64101388372,57804.68086474339,57942.60116302404,152769
559,car_petrol,2017,6,69981.8203428428,69899.8780758114,70063.76260987419,147327
560,car_petrol,2017,7,81078.11119409445,80983.54081538793,81172.68157280098,145558
561,car_petrol,2017,8,90293.62579625493,90186.59041663873,90400.66117587112,140558
562,car_petrol,2017,9,104438.94238855309,104319.3006028063,104558.58417429987,132193
563,car_petrol,2017,10,115287.87778336434,115158.3153754075,115417.44019132118,128483
564,car_petrol,2017,11,124278.21217825406,124138.15014239363,124418.2742141145,117585
565,car_petrol,2017,12,131790.6005225476,131633.82068309505,131947.38036200017,103359
566,car_petrol,2017,13,138858.33297479592,138677.1619357641,139039.50401382774,84510
567,car_petrol,2017,14,146568.85330661916,146318.6824165241,146819.02419671422,47166
568,car_petrol,2017,15,151414.9716370428,151171.73768644434,151658.20558764125,55417
569,car_petrol,2017,16,155217.9705389087,154921.74455155872,155514.1965262587,40081
570,car_petrol,2017,17,157656.59767929092,157275.74914067055,158037.4462179113,26061
571,car_petrol,2017,18,160394.2531466484,159873.6296451562,160914.8766481406,16052
572,car_petrol,2017,19,158047.87527699533,157352.98299685193,158742.76755713872,9585
573,car_petrol,2017,20,158869.94755906853,157951.92775329266,159787.9673648444,5883
574,car_petrol,2017,21,160459.09277894738,159194.59278382448,161723.59277407028,3325
575,car_petrol,2017,22,168254.78573608617,166648.4119967942,169861.15947537814,2228
576,car_petrol,2017,23,167419.27507389165,165404.5533731885,169433.9967745948,1421
577,car_petrol,2018,3,34871.96713607594,34831.27340161611,34912.660870535765,194656
578,car_petrol,2018,4,46087.11650856718,46035.16820414458,46139.06481298978,185242
579,car_petrol,2018,5,57284.05797800271,57222.43308365155,57345.68287235387,182295
580,car_petrol,2018,6,68124.4234570243,68051.97271010118,68196.87420394742,177135
581,car_petrol,2018,7,79905.82248645232,79821.20231409225,79990.44265881239,169217
582,car_petrol,2018,8,90389.30741040477,90293.52065344898,90485.09416736056,166443
583,car_petrol,2018,9,99081.51743269786,98973.91909938361,99189.11576601211,158353
584,car_petrol,2018,10,112855.53904247042,112736.44365238852,112974.63443255232,146502
585,car_petrol,2018,11,122808.04916506656,122679.18457561483,122936.9137545183,139053
586,car_petrol,2018,12,130740.65931022177,130598.19500322545,130883.1236172181,123315
587,car_petrol,2018,13,136966.11921697593,136803.76031003866,137128.4781239132,103841
588,car_petrol,2018,14,142849.64812594245,142658.97603738273,143040.32021450216,80910
589,car_petrol,2018,15,149092.52793568297,148828.01125952377,149357.04461184217,43099
590,car_petrol,2018,16,152762.6036118008,152496.4486623307,153028.7585612709,47929
591,car_petrol,2018,17,155451.4204119204,155119.13459273195,155783.70623110887,33623
592,car_petrol,2018,18,157621.28262791137,157185.9663242064,158056.59893161632,21382
593,car_petrol,2018,19,160040.3213917093,159458.82744139797,160621.81534202062,13099
594,car_petrol,2018,20,157654.24318732062,156877.03792653445,158431.4484481068,8013
595,car_petrol,2018,21,158814.50406831046,157819.026442903,159809.9816937179,4948
596,car_petrol,2018,22,161829.64760548525,160453.44042679112,163205.8547841794,2844
597,car_petrol,2018,23,171582.2212904911,169788.453776095,173375.98880488722,1914
598,car_petrol,2018,24,165597.44752873565,163410.2157273097,167784.6793301616,1218
599,car_petrol,2019,3,34670.7002006269,34630.2054060602,34711.194995193604,195886
600,car_petrol,2019,4,45684.69804893002,45633.853655825405,45735.54244203463,187574
601,car_petrol,2019,5,56809.21594404342,56747.37988686137,56871.05200122547,184250
602,car_petrol,2019,6,67751.43036776425,67680.49547774697,67822.36525778152,181339
603,car_petrol,2019,7,78203.27151851813,78121.76687436286,78284.7761626734,175072
604,car_petrol,2019,8,89792.71622534115,89699.39232013731,89886.04013054499,167080
605,car_petrol,2019,9,99730.516855256,99626.64095976164,99834.39275075037,163689
606,car_petrol,2019,10,107806.5066634316,107691.09879545237,107921.91453141083,154557
607,car_petrol,2019,11,120915.21705268572,120788.24079268124,121042.1933126902,140019
608,car_petrol,2019,12,129925.05386145035,129786.36303358212,130063.74468931857,129542
609,car_petrol,2019,13,136863.78932086928,136710.0089683195,137017.56967341906,111628
610,car_petrol,2019,14,141840.1292904477,141661.78929932474,142018.46928157064,90240
611,car_petrol,2019,15,146405.95573333334,146194.3604963819,146617.55097028476,67275
612,car_petrol,2019,16,151942.35288254375,151641.10050660276,152243.60525848475,34532
613,car_petrol,2019,17,154145.77025449346,153836.25243359254,154455.28807539438,37054
614,car_petrol,2019,18,156147.90587270708,155759.24445742968,156536.56728798448,25186
615,car_petrol,2019,19,157018.62701601168,156500.60883998187,157536.6451920415,15801
616,car_petrol,2019,20,160315.1480921526,159634.06680072338,160996.22938358184,9723
617,car_petrol,2019,21,158319.26184890335,157445.082183454,159193.4415143527,6155
618,car_petrol,2019,22,161126.98608373082,159870.2452943962,162383.72687306543,3774
619,car_petrol,2019,23,164592.01108615947,162840.15392351677,166343.86824880217,2182
620,car_petrol,2019,24,172917.17002699056,170901.46088685162,174932.8791671295,1482
621,car_petrol,2019,25,168257.42640866872,165828.79489360875,170686.0579237287,969
622,car_petrol,2020,3,33773.79709039123,33728.103330241625,33819.49085054083,152725
623,car_petrol,2020,4,44187.013702973934,44136.02373945699,44238.00366649088,179661
624,car_petrol,2020,5,55055.70189043299,54995.68019186229,55115.72358900369,180255
625,car_petrol,2020,6,65863.39435008695,65792.7910527847,65933.9976473892,178270
626,car_petrol,2020,7,76426.88087265617,76346.72559876936,76507.03614654297,173860
627,car_petrol,2020,8,86524.28632932746,86434.07596132756,86614.49669732735,167171
628,car_petrol,2020,9,97541.73568426033,97439.79904702939,97643.67232149128,158485
629,car_petrol,2020,10,107346.27869888235,107233.32898517569,107459.22841258901,153983
630,car_petrol,2020,11,114536.65882015991,114412.32552632185,114660.99211399797,145596
631,car_petrol,2020,12,126699.84897624077,126561.3504481207,126838.34750436083,124541
632,car_petrol,2020,13,134994.0915892038,134842.19262278045,135145.99055562716,113818
633,car_petrol,2020,14,140835.8945673504,140665.4972176357,141006.29191706507,94580
634,car_petrol,2020,15,144838.01404523334,144636.60627740974,145039.42181305695,73353
635,car_petrol,2020,16,148635.70628112074,148391.15666775868,148880.2558944828,53180
636,car_petrol,2020,17,153413.54734682594,153068.1026805106,153758.99201314128,27126
637,car_petrol,2020,18,153875.50368848525,153510.31767461644,154240.68970235405,27087
638,car_petrol,2020,19,155881.2574227313,155418.89933482523,156343.61551063735,18248
639,car_petrol,2020,20,157144.37502413764,156525.94612924135,157762.80391903393,11393
640,car_petrol,2020,21,159983.75424796462,159169.27321463748,160798.23528129177,7001
641,car_petrol,2020,22,158484.027125,157445.1622306083,159522.8920193917,4480
642,car_petrol,2020,23,160880.294023505,159594.58542181485,162166.00262519516,2893
643,car_petrol,2020,24,163071.02464928618,161265.40393817314,164876.6453603992,1611
644,car_petrol,2020,25,175628.08065753424,173184.32136475173,178071.83995031676,1095
645,car_petrol,2020,26,167151.2528610354,164422.87605266145,169879.62966940936,734
646,car_petrol,2021,3,32150.500874786194,32111.645623517077,32189.35612605531,198780
647,car_petrol,2021,4,42031.878670692815,41976.81904291852,42086.93829846711,147370
648,car_petrol,2021,5,52349.33570729886,52291.09815022511,52407.57326437261,181974
649,car_petrol,2021,6,63022.971033246824,62956.179018462,63089.76304803165,183025
650,car_petrol,2021,7,73617.23276988043,73539.74475561938,73694.72078414148,179033
651,car_petrol,2021,8,83993.28006215954,83907.12660913818,84079.43351518089,175677
652,car_petrol,2021,9,93732.58138878642,93636.33141364466,93828.83136392818,168082
653,car_petrol,2021,10,104575.12308456367,104468.04754592502,104682.19862320233,159170
654,car_petrol,2021,11,113783.74777540228,113665.91885940591,113901.57669139866,153884
655,car_petrol,2021,12,120374.10225124641,120244.73950028785,120503.46500220498,142410
656,car_petrol,2021,13,131997.75592218502,131852.7987390364,132142.71310533365,119797
657,car_petrol,2021,14,139146.58979606265,138987.05577723897,139306.12381488632,106111
658,car_petrol,2021,15,143927.8046135212,143744.47279505315,144111.13643198926,85037
659,car_petrol,2021,16,147036.24988359757,146816.62847458388,147255.87129261126,64088
660,car_petrol,2021,17,149872.04897920188,149605.73781354685,150138.3601448569,45004
661,car_petrol,2021,18,154329.94911947727,153942.53513274365,154717.3631062109,22498
662,car_petrol,2021,19,154083.51846463906,153675.3194139381,154491.71751534002,21832
663,car_petrol,2021,20,155673.32794966025,155147.62637329038,156199.02952603012,14422
664,car_petrol,2021,21,155563.5607732367,154863.84849283393,156263.27305363948,8833
665,car_petrol,2021,22,159671.22134750528,158707.12423351317,160635.3184614974,5692
666,car_petrol,2021,23,158114.933479775,156990.16976744588,159239.69719210413,3733
667,car_petrol,2021,24,162801.62638418082,161371.65824863917,164231.59451972248,2478
668,car_petrol,2021,25,165322.96423503326,163355.04660037128,167290.88186969524,1353
669,car_petrol,2021,26,173644.40621244637,171011.64307727138,176277.16934762135,932
670,car_petrol,2021,27,164188.21117744612,161259.15276178546,167117.2695931068,603
671,car_petrol,2022,3,31778.233883032597,31739.013371080942,31817.454394984252,203390
672,car_petrol,2022,4,42545.55580079189,42496.631078864004,42594.48052271977,192703
673,car_petrol,2022,5,52154.28564445802,52089.00861821359,52219.56267070244,147240
674,car_petrol,2022,6,62076.63946900327,62009.50410161145,62143.77483639509,182374
675,car_petrol,2022,7,72404.1004998791,72328.85141981655,72479.34957994166,181984
676,car_petrol,2022,8,82610.83418787505,82525.50077453145,82696.16760121865,178310
677,car_petrol,2022,9,92577.98997500088,92484.88367505901,92671.09627494274,174806
678,car_petrol,2022,10,101892.89748204713,101790.52038905928,101995.27457503499,166965
679,car_petrol,2022,11,112349.3983253457,112235.89098047509,112462.9056702163,156074
680,car_petrol,2022,12,120812.11776965692,120688.5611665289,120935.67437278494,149820
681,car_petrol,2022,13,126668.75666546848,126532.44626620399,126805.06706473297,136316
682,car_petrol,2022,14,137195.40574625123,137041.992767335,137348.81872516745,111236
683,car_petrol,2022,15,143502.13262928542,143329.7985820963,143674.46667647455,95003
684,car_petrol,2022,16,147327.14425395546,147126.55581096013,147527.73269695078,74265
685,car_petrol,2022,17,149790.07963350596,149548.22854920244,150031.93071780948,54653
686,car_petrol,2022,18,151999.026724078,151700.7501448841,152297.30330327188,37391
687,car_petrol,2022,19,155921.45244119898,155480.39377724868,156362.5111051493,18282
688,car_petrol,2022,20,155470.83121521864,155004.08445557073,155937.57797486655,17610
689,car_petrol,2022,21,156678.9090894982,156066.96064705445,157290.85753194193,11598
690,car_petrol,2022,22,155793.42469824513,155013.00572174502,156573.84367474524,7009
691,car_petrol,2022,23,158819.39100787402,157795.39699704267,159843.38501870536,4445
692,car_petrol,2022,24,159643.7712334089,158392.2945714025,160895.24789541526,3089
693,car_petrol,2022,25,164841.02671606117,163267.1438255383,166414.90960658403,2092
694,car_petrol,2022,26,165946.28922666667,163713.34079025142,168179.23766308193,1125
695,car_petrol,2022,27,178718.49018726594,175819.48566831386,181617.494706218,801
696,car_petrol,2022,28,166478.28603883495,163219.3812893864,169737.1907882835,515
697,car_petrol,2023,3,33844.42759818181,33800.10647104221,33888.748725321406,200419
698,car_petrol,2023,4,42768.154359827095,42717.69250205753,42818.61621759666,194549
699,car_petrol,2023,5,53354.864672268915,53296.442346816075,53413.286997721756,191590
700,car_petrol,2023,6,62514.32914304024,62438.39417076871,62590.264115311766,146693
701,car_petrol,2023,7,71815.01065319241,71738.49918179486,71891.52212458996,180789
702,car_petrol,2023,8,81840.6987975086,81756.69302144661,81924.70457357058,180941
703,car_petrol,2023,9,91617.71853791832,91523.61919007539,91711.81788576125,176577
704,car_petrol,2023,10,101146.73315688143,101045.84941448104,101247.61689928181,172965
705,car_petrol,2023,11,110013.10425571192,109903.45307829493,110122.75543312891,163606
706,car_petrol,2023,12,119997.23981195538,119875.49526460266,120118.9843593081,151932
707,car_petrol,2023,13,127736.57809185561,127604.2036909901,127868.95249272112,143878
708,car_petrol,2023,14,132690.81256695444,132546.16529617968,132835.4598377292,128931
709,car_petrol,2023,15,142614.69612359276,142449.464826332,142779.92742085352,102061
710,car_petrol,2023,16,147922.76690587614,147734.86213841307,148110.6716733392,84835
711,car_petrol,2023,17,151002.96169240502,150781.13641601108,151224.78696879896,64819
712,car_petrol,2023,18,152768.58790545582,152499.66743155554,153037.5083793561,46941
713,car_petrol,2023,19,154437.03873663038,154103.6680622879,154770.40941097285,31321
714,car_petrol,2023,20,157790.3962029234,157291.60306142637,158289.18934442045,15188
715,car_petrol,2023,21,157156.68336874575,156620.78823835397,157692.57849913754,14590
716,car_petrol,2023,22,156836.35686314007,156154.82992946025,157517.8837968199,9433
717,car_petrol,2023,23,156646.0462669963,155767.3179735461,157524.7745604465,5663
718,car_petrol,2023,24,159416.54883356259,158293.04174624832,160540.05592087685,3635
719,car_petrol,2023,25,160906.30997260276,159477.42596383055,162335.19398137496,2555
720,car_petrol,2023,26,165461.78822690994,163728.88218290027,167194.6942709196,1754
721,car_petrol,2023,27,168836.69539007093,166396.23578918484,171277.15499095703,987
722,car_petrol,2023,28,180812.142760181,177604.83401474138,184019.45150562064,663
723,car_petrol,2023,29,168024.22566739604,164625.04912394288,171423.4022108492,457
