fuel,reg_year,age,emissions,std_error,n,mileage
car_hev,2007,0,5.449812774475331,0.015359706087043372,5883,0.0
car_hev,2007,1,8.716452039306297,0.03915529899528706,5883,18630.760176780554
car_hev,2007,2,11.983091304137263,0.0672763274481525,5883,37261.52035356111
car_hev,2007,3,15.266737529189774,0.09630843711406602,5883,55728.70201257862
car_hev,2007,4,18.037172816300032,0.12295281483249548,5563,71350.18824914614
car_hev,2007,5,20.536802948533897,0.13805452821916722,5427,85017.91453841902
car_hev,2007,6,23.114168567127667,0.15671451939203943,5330,99578.03270731708
car_hev,2007,7,25.738205236551032,0.17451627341150278,5270,114335.06162049336
car_hev,2007,8,28.207220609451753,0.19093979847913004,5219,128833.82233952866
car_hev,2007,9,30.570785040872465,0.2061738391063222,5119,142934.59918343427
car_hev,2007,10,32.97494261059857,0.23744798672921008,4460,156739.813293722
car_hev,2007,11,35.13325371982037,0.23890372784989758,4865,168676.16892086333
car_hev,2007,12,37.135021702893376,0.25417179329992967,4693,180236.70711485192
car_hev,2007,13,38.71037734805282,0.27444477064272715,4252,189890.59274694262
car_hev,2007,14,40.42132879693479,0.2788742396230381,4400,198846.36111136366
car_hev,2007,15,42.21934674567482,0.29338931573050747,4300,209382.64354651165
car_hev,2007,16,43.397916533083084,0.31455938816889445,3805,218151.73768725363
car_hev,2008,0,5.425426488280252,0.01541879815439673,5781,0.0
car_hev,2008,1,8.75964105502289,0.03813729610664835,5781,19468.5199238886
car_hev,2008,2,12.093855621765526,0.06558113933502735,5781,38937.0398477772
car_hev,2008,3,15.458626276749289,0.0945373464112108,5781,58195.57745026812
car_hev,2008,4,18.19783390245039,0.1163755867737605,5419,73755.82735560068
car_hev,2008,5,20.895423028741074,0.13642791932025006,5268,89346.4099715262
car_hev,2008,6,23.775513719658374,0.15623267883709152,5217,106267.30471535365
car_hev,2008,7,26.564349050001393,0.1755109393495434,5159,122847.49701492538
car_hev,2008,8,29.21163778273124,0.1940984200355516,5065,138650.61446396844
car_hev,2008,9,32.126772562805186,0.22782846217933547,4418,155769.80968311452
car_hev,2008,10,34.458314372120185,0.23187616357939028,4819,169228.3411599917
car_hev,2008,11,36.581169173793235,0.2489364942354546,4683,180519.3642750374
car_hev,2008,12,38.231405662433545,0.26937285645865044,4207,190208.80024958405
car_hev,2008,13,39.98238133146356,0.27240549931892877,4456,199783.2274932675
car_hev,2008,14,41.96369583066492,0.2816488792612442,4399,210917.57384405547
car_hev,2008,15,43.431326410533686,0.30451872625695714,3925,220290.85389299365
car_hev,2009,0,5.487106972003116,0.013843035329382514,5414,0.0
car_hev,2009,1,8.723747015333446,0.03652360104954206,5414,18380.112094569635
car_hev,2009,2,11.960387058663775,0.06446586829584396,5414,36760.22418913927
car_hev,2009,3,15.250768465181942,0.09418046847981074,5414,55079.696320650175
car_hev,2009,4,18.06638036357336,0.11453176231971919,5204,70979.60593389701
car_hev,2009,5,21.125072480959894,0.1373736772348052,5112,88793.1531474961
car_hev,2009,6,24.272118690861937,0.16013751741124743,5087,106679.72576567721
car_hev,2009,7,27.261897844771447,0.18363151537817637,5006,124314.83556332403
car_hev,2009,8,30.638635753939436,0.21927430835254777,4449,144676.5519757249
car_hev,2009,9,33.423008453646794,0.23141011508374867,4819,160372.49623573356
car_hev,2009,10,35.98681333580215,0.24856390804530873,4707,175414.5560909284
car_hev,2009,11,37.962483312918,0.2687152800578401,4384,186162.3693955292
car_hev,2009,12,39.96000825403998,0.27549892707948076,4487,197125.1566770671
car_hev,2009,13,42.22588942431343,0.29098318311465515,4423,210101.30169568167
car_hev,2009,14,43.56903948236593,0.3209218952046079,3841,216952.5026946108
car_hev,2010,0,5.438933002564808,0.008560384324083568,8481,0.0
car_hev,2010,1,8.73155446700045,0.027963067079350343,8481,19129.168205400307
car_hev,2010,2,12.024175931436094,0.05167815044718812,8481,38258.33641080061
car_hev,2010,3,15.395940731679142,0.07705725540605708,8481,57400.22097747907
car_hev,2010,4,18.397394310769062,0.09387836241468618,8078,74677.1270710572
car_hev,2010,5,21.808355822395054,0.11510189782859744,8003,94424.32952767712
car_hev,2010,6,25.211581725988204,0.13802259084071244,7880,114355.19625507615
car_hev,2010,7,28.94279178968989,0.17055115477699426,6995,136566.21143388137
car_hev,2010,8,32.115559606994225,0.18772296022955148,7551,155115.75234141175
car_hev,2010,9,35.51694071622956,0.2124049728340758,7407,175065.89009180508
car_hev,2010,10,37.83672226274519,0.2321074010490915,6994,189136.30889619674
car_hev,2010,11,39.59237781904346,0.23857574951212016,7065,198989.76144939847
car_hev,2010,12,41.75794439680914,0.2485072919210311,6995,211938.02539385276
car_hev,2010,13,43.52810633080345,0.2713191973244276,6188,222003.26971719458
car_hev,2011,0,5.409659907094726,0.007287204560875438,9293,0.0
car_hev,2011,1,8.413872091704516,0.023864284535500983,9293,18464.47236844937
car_hev,2011,2,11.418084276314305,0.044013641283655335,9293,36928.94473689874
car_hev,2011,3,14.550930854409794,0.0664287779743231,9293,55648.49373829764
car_hev,2011,4,17.459345276707758,0.08397812379888986,9064,73437.62345101501
car_hev,2011,5,20.32766070885259,0.10101178655574404,8953,91165.54759186864
car_hev,2011,6,23.663821021282963,0.1294761434060447,7878,111671.79673648135
car_hev,2011,7,26.35127573935827,0.14364470407490998,8500,128554.50644235294
car_hev,2011,8,29.30716985158344,0.16602057087385225,8389,146987.66621528193
car_hev,2011,9,31.665980269559636,0.1857061368519252,7976,161590.6211120863
car_hev,2011,10,33.71621354718015,0.1980077217579805,8233,174378.38270618246
car_hev,2011,11,35.4536686523429,0.2082899431121684,8059,185184.42111676387
car_hev,2011,12,37.12265475612234,0.2297568588524393,7170,195364.58055509065
car_hev,2012,0,5.373272154217451,0.006800289541187609,14490,0.0
car_hev,2012,1,8.105891448581408,0.017981267826107098,14490,17596.84
car_hev,2012,2,10.83851074294537,0.03190292712904,14490,35193.68
car_hev,2012,3,13.708992233440215,0.047448401145277874,14490,53321.18233333334
car_hev,2012,4,16.315243117738465,0.05970121102638759,14059,70220.15377907391
car_hev,2012,5,19.058531931570702,0.07764081497817318,12126,88139.68540573974
car_hev,2012,6,21.472438978264165,0.08691173640505842,13481,103747.57833988577
car_hev,2012,7,24.0684492274354,0.10192482174207779,13235,120659.02654552324
car_hev,2012,8,26.139371954003995,0.11517971696736637,12792,134150.124898374
car_hev,2012,9,28.107579000301484,0.12556493152228917,13056,146935.08735294116
car_hev,2012,10,30.4184313027398,0.13985121580108087,12971,161922.63178089584
car_hev,2012,11,31.606453492730434,0.15455945884920788,11303,169643.72592320625
car_hev,2013,0,5.478565680016242,0.0058206907714615065,24938,0.0
car_hev,2013,1,8.398166855126744,0.015749563102141168,24938,17881.163891651297
car_hev,2013,2,11.317768030237247,0.027938635420776677,24938,35762.32778330259
car_hev,2013,3,14.337819878622831,0.04127294870097661,24938,53876.390460742645
car_hev,2013,4,17.005412098954235,0.054971103755360004,20887,70540.02864173889
car_hev,2013,5,19.411788117408815,0.06093041739633663,23224,85466.4373785739
car_hev,2013,6,21.940801908801465,0.07162189322810669,22893,101329.42461582144
car_hev,2013,7,23.99844600681448,0.08140344177524615,21832,114079.85355304142
car_hev,2013,8,25.878126939193393,0.0882733307426101,22424,125862.97042365323
car_hev,2013,9,28.105922366717095,0.09807194126655194,22327,139839.11891879787
car_hev,2013,10,30.086058992484926,0.11133437537425396,20592,152798.1078525641
car_hev,2014,0,5.375302316356089,0.005578207637799128,28751,0.0
car_hev,2014,1,8.31404448793367,0.015573632286716401,28751,17954.461792981114
car_hev,2014,2,11.252786659511248,0.027844045082520336,28751,35908.92358596223
car_hev,2014,3,14.326385640708189,0.04156204083781005,28751,54335.581114743836
car_hev,2014,4,16.884847975587647,0.05198180293557875,27250,70364.45497944955
car_hev,2014,5,19.425363722984297,0.06230683125013397,26588,86172.01110726644
car_hev,2014,6,21.564037563559456,0.07238263226517838,25380,99472.6750425532
car_hev,2014,7,23.504992703822605,0.08008873144054815,26064,111460.0970204113
car_hev,2014,8,25.823043396505085,0.09027881025947718,25930,125816.40549556499
car_hev,2014,9,28.054151070127368,0.10338488062052446,24005,139778.85478983546
car_hev,2015,0,5.410873967008319,0.004305355711511406,40448,0.0
car_hev,2015,1,8.254246399911315,0.012484903747827026,40448,17748.886268542326
car_hev,2015,2,11.097618832814307,0.02262885653712598,40448,35497.77253708465
car_hev,2015,3,14.140540250586662,0.03472770432214127,40448,54001.15417078719
car_hev,2015,4,16.70211881635879,0.044222121169841165,38342,70205.30887538471
car_hev,2015,5,18.823112382680478,0.05269268219249877,36145,83777.73341070687
car_hev,2015,6,20.762399131381557,0.059056553645235176,37243,95969.16358617728
car_hev,2015,7,23.15684641982124,0.06832912106179043,37072,111084.83594410878
car_hev,2015,8,25.51368298213796,0.0799186383705612,34533,125867.34693307852
car_hev,2016,0,5.597936630720685,0.004010029672724805,48192,0.0
car_hev,2016,1,8.255556648426545,0.010676651572562396,48192,16930.078876992033
car_hev,2016,2,10.913176666132404,0.01928875681594236,48192,33860.157753984065
car_hev,2016,3,13.724494136690966,0.02940009455986651,48192,51284.82390708002
car_hev,2016,4,15.772168997533088,0.03630287744464335,44650,64473.71622082867
car_hev,2016,5,17.622280680650757,0.04203920044601435,45318,76429.47136855114
car_hev,2016,6,19.967233130728314,0.04980729913154628,45164,91573.94350123992
car_hev,2016,7,22.267623943137988,0.05953517420848471,42128,106267.15175085454
car_hev,2017,0,5.61457966961929,0.004803631287868744,53871,0.0
car_hev,2017,1,7.9096938518945175,0.009441580903668935,53871,16361.33266804032
car_hev,2017,2,10.204808034169744,0.016031437038283403,53871,32722.66533608064
car_hev,2017,3,12.54473695481493,0.023381417063716305,53872,48979.38437629938
car_hev,2017,4,14.071209797834436,0.028330682820699976,51510,59976.742886041546
car_hev,2017,5,16.081748130021992,0.03432762024246271,50952,74258.52874862617
car_hev,2017,6,18.1035657404435,0.04246406038508839,46701,88353.10004411041
car_hev,2018,0,5.752392966326978,0.0035724096829920834,80507,0.0
car_hev,2018,1,7.946375363942934,0.0065739104758341165,80507,14634.195581253804
car_hev,2018,2,10.140357761558889,0.011396505512789918,80507,29268.391162507607
car_hev,2018,3,12.436877270045503,0.017259930623812883,80524,44204.070706621635
car_hev,2018,4,14.595306580324523,0.02213128374184303,78449,58576.57235120907
car_hev,2018,5,16.759820951793998,0.027815574174451036,73202,72577.15144463266
car_hev,2019,0,5.972474145590388,0.003352412979402644,104817,0.0
car_hev,2019,1,8.0652224845588,0.005800921627773699,104817,14802.868295410097
car_hev,2019,2,10.157970823527211,0.009963657183324884,104817,29605.736590820194
car_hev,2019,3,12.375828981375742,0.01519474686118832,104838,44969.12645729602
car_hev,2019,4,14.484931309235597,0.0197192332966657,97499,60003.629149119486
car_hev,2020,0,6.220274834129299,0.002591630808342698,171101,0.0
car_hev,2020,1,8.176367936018401,0.004664331590660269,171101,14435.630335474369
car_hev,2020,2,10.132461037907506,0.008003141409042088,171101,28871.260670948737
car_hev,2020,3,12.08941414750544,0.011590935970275561,171123,42863.52085698592
car_bev,2012,0,6.1671199629321025,0.03464500731264634,651,0.0
car_bev,2012,1,6.9749475781964945,0.04038245702682152,651,8838.202580645162
car_bev,2012,2,7.7004158795341,0.0500429572467164,651,17676.405161290324
car_bev,2012,3,8.335622457399213,0.060551101961049576,651,26446.39913978495
car_bev,2012,4,8.937128624201247,0.07482580591666158,584,36267.24320205479
car_bev,2012,5,9.45524850383802,0.08449900008886184,532,45832.911052631585
car_bev,2012,6,9.878731653855546,0.08900760719367128,570,54352.698964912284
car_bev,2012,7,10.308230085980563,0.0995604049954496,539,63299.98168831169
car_bev,2012,8,10.571163681060206,0.10682580005197556,497,70016.76197183099
car_bev,2012,9,10.898579620196285,0.10858143212834238,521,75943.33535508638
car_bev,2012,10,11.142635808468428,0.11253971080757029,507,81637.30145956608
car_bev,2012,11,11.285949726158824,0.12149535039115765,414,85542.13500000001
car_bev,2013,0,6.5717678494988965,0.013365859925116064,1361,0.0
car_bev,2013,1,7.586069359461702,0.02278881298786707,1361,12235.868692138134
car_bev,2013,2,8.471253251538869,0.034971574132788126,1361,24471.737384276268
car_bev,2013,3,9.238451029259048,0.04623463938746326,1361,36825.94994856723
car_bev,2013,4,9.840803484066146,0.06099324217431377,1054,47994.7889089184
car_bev,2013,5,10.445556014144918,0.060564503400407074,1201,59365.471015820156
car_bev,2013,6,10.959920279752255,0.06441182792006082,1171,70173.59748932536
car_bev,2013,7,11.36579881638028,0.07106701303823575,1079,79750.51441149213
car_bev,2013,8,11.732368611156138,0.07052015778683038,1135,87046.25432599119
car_bev,2013,9,12.148024729713766,0.07402098589213209,1132,95858.27072438164
car_bev,2013,10,12.490015706739607,0.08047262638890973,980,103209.19128571429
car_bev,2014,0,6.975458342205648,0.023263109048402137,4248,0.0
car_bev,2014,1,7.879199483195116,0.02799215854444161,4248,12190.978745291903
car_bev,2014,2,8.658710697653866,0.033327853165928276,4248,24381.957490583805
car_bev,2014,3,9.369941194975805,0.038931536536850636,4248,36602.876626647834
car_bev,2014,4,10.013558654905982,0.04498757831534388,3968,48974.10472782258
car_bev,2014,5,10.650453271565587,0.05128107068151991,3814,61268.224960671214
car_bev,2014,6,11.117141747278472,0.056124124967505046,3623,71289.23177201215
car_bev,2014,7,11.497697544775507,0.0577319014990693,3783,79427.77277028812
car_bev,2014,8,12.010400594540481,0.06252706492883955,3728,89668.00982564379
car_bev,2014,9,12.321989371294164,0.06895305534609603,3105,97784.33103703705
car_bev,2015,0,7.192712170929145,0.020753545701901178,7319,0.0
car_bev,2015,1,7.981187565147787,0.024722953222329872,7319,12313.15329416587
car_bev,2015,2,8.694171762961496,0.029016419819372738,7319,24626.30658833174
car_bev,2015,3,9.363654304450515,0.03345715855499327,7319,36965.56766361525
car_bev,2015,4,9.974123434728192,0.03782023494118947,6816,49580.055821596245
car_bev,2015,5,10.453862033461212,0.04160071075688777,6399,59860.068962337864
car_bev,2015,6,10.870995315774557,0.04352755379777195,6641,68437.68944737238
car_bev,2015,7,11.394206860150012,0.04692132749262039,6583,78912.85402703934
car_bev,2015,8,11.623466067985484,0.05130553772477744,5662,87030.1494789827
car_bev,2016,0,7.6928152565279095,0.023737907795779084,7865,0.0
car_bev,2016,1,8.54191576012656,0.027448808877435192,7865,14447.82393642721
car_bev,2016,2,9.334983746418281,0.03168099807329468,7865,28895.64787285442
car_bev,2016,3,10.071756176741255,0.0361076308919459,7865,43464.76161474889
car_bev,2016,4,10.58792685395193,0.04084322721915747,7008,55491.92123144977
car_bev,2016,5,11.099427839756126,0.04288356466691808,7316,65487.51406779662
car_bev,2016,6,11.725669100105007,0.04699137310536487,7299,77821.68702561995
car_bev,2016,7,12.189792799132642,0.05311678600686687,6522,88920.11930082798
car_bev,2017,0,8.327200448628018,0.028040406160093498,8117,0.0
car_bev,2017,1,9.160299704665663,0.03136624919088707,8117,14560.473054084023
car_bev,2017,2,9.92800055884052,0.035104966244928155,8117,29120.946108168046
car_bev,2017,3,10.636348848144138,0.03903481350438004,8117,43846.84314155476
car_bev,2017,4,11.155328578085658,0.04287818230600393,7684,54104.59895887559
car_bev,2017,5,11.84351113858874,0.04655739014775748,7676,67194.27623241271
car_bev,2017,6,12.311362955854205,0.052333849774297204,6850,79250.67455036496
car_bev,2018,0,8.224364490190618,0.019162330715053754,12857,0.0
car_bev,2018,1,8.884888718792567,0.02093464007164625,12857,12841.813309481216
car_bev,2018,2,9.485505346096726,0.023010742085613562,12857,25683.626618962433
car_bev,2018,3,10.15190916497132,0.02571022184894522,12859,38757.64268372346
car_bev,2018,4,10.796795869258789,0.028735210444378722,12394,51976.84224140713
car_bev,2018,5,11.322430806700371,0.03211649151430632,11352,64636.44435606061
car_bev,2019,0,8.69116317859121,0.010004894904063316,32429,0.0
car_bev,2019,1,9.29536563386364,0.010823322149451331,32429,13292.607914520955
car_bev,2019,2,9.948360053086352,0.012049618607745395,32429,26585.21582904191
car_bev,2019,3,10.625435568165623,0.013652679670902336,32430,40134.99724822695
car_bev,2019,4,11.161473696962156,0.016010396542290722,28456,53213.928831529374
car_bev,2020,0,8.931206931732278,0.006142755493510266,90888,0.0
car_bev,2020,1,9.63819165532281,0.006780044749508397,90888,14151.467031731363
car_bev,2020,2,10.35982458694418,0.007654008191395634,90888,28302.934063462726
car_bev,2020,3,10.965067320858356,0.008520515743178511,90889,42106.235389981186
car_diesel,2005,0,5.8345401087265225,0.0022762465352468876,157471,0.0
car_diesel,2005,1,10.727322458975564,0.008012659101367232,157471,23317.684964787168
car_diesel,2005,2,15.62010480922461,0.014879135585589582,157471,46635.369929574335
car_diesel,2005,3,20.565730864473842,0.0219356773660145,157471,70062.30538365795
car_diesel,2005,4,24.39188516326108,0.026582392944429847,148076,88313.95217395123
car_diesel,2005,5,27.989148574603593,0.03052523745223749,145176,105396.22997623574
car_diesel,2005,6,31.349058249644735,0.03401995357929846,142646,121407.10676072234
car_diesel,2005,7,34.4616250007649,0.037133847495523696,139151,136296.3540085231
car_diesel,2005,8,37.30424686792438,0.03962040024736925,134893,149947.6540420185
car_diesel,2005,9,40.01572130238952,0.04236697433819154,130052,162803.02818265004
car_diesel,2005,10,42.555872179041216,0.04530661021978764,123859,174526.55591188368
car_diesel,2005,11,44.800809148310464,0.048982717274681044,113679,184572.19487970514
car_diesel,2005,12,46.886967899021286,0.05576006231089736,93651,193472.2466832175
car_diesel,2005,13,48.75153075661583,0.05911025369784189,88128,200277.29539351852
car_diesel,2005,14,50.4437924762743,0.0668161689659106,74083,206491.31950015525
car_diesel,2005,15,51.979736107686946,0.07845389110600366,57335,211009.46736408825
car_diesel,2005,16,53.450365174788274,0.08502603272651568,51693,215185.02861161085
car_diesel,2005,17,54.903139554632325,0.09762961410895689,42399,219253.01164602942
car_diesel,2005,18,55.80066153181411,0.12051159968908028,30138,221169.9173153494
car_diesel,2006,0,5.870801018939158,0.002345836509658814,159135,0.0
car_diesel,2006,1,10.703875484011322,0.008074781350857457,159135,22611.52932503849
car_diesel,2006,2,15.536949949083489,0.01491453673966585,159135,45223.05865007698
car_diesel,2006,3,20.413103269422916,0.021946661272630934,159135,67835.52225770573
car_diesel,2006,4,24.38360761082239,0.02696254786578779,151408,86417.06000964282
car_diesel,2006,5,27.986960567179008,0.030949264383447465,148426,103339.77448075137
car_diesel,2006,6,31.368717758292743,0.03458031421085722,145633,119284.85975912053
car_diesel,2006,7,34.49370864188466,0.037448677238572876,142398,134048.8457771879
car_diesel,2006,8,37.417217144028335,0.04009274025740667,138648,147825.7562197796
car_diesel,2006,9,40.193308942126755,0.043136834348814844,133739,160637.56001039338
car_diesel,2006,10,42.73895207028421,0.046589602246464024,125898,172107.4114201179
car_diesel,2006,11,45.01544612362411,0.051852409491694965,106312,182416.88780956055
car_diesel,2006,12,47.0224640506404,0.054390233125993656,104573,190552.47244795505
car_diesel,2006,13,48.87895686855106,0.05995016788581112,90981,197985.45351677825
car_diesel,2006,14,50.48083736364519,0.06892512789360296,73464,203491.29959748994
car_diesel,2006,15,52.05379705848231,0.07397248761873591,68227,208603.70160640214
car_diesel,2006,16,53.51773519712176,0.08206031129817672,57583,213267.5905532883
car_diesel,2006,17,54.59163088673581,0.09912164538478073,42276,216602.07993826285
car_diesel,2007,0,5.883897250225269,0.0022500138649775396,164646,0.0
car_diesel,2007,1,10.735550554032061,0.007993280427234899,164646,22343.6114771692
car_diesel,2007,2,15.587203857838851,0.014843493124298092,164646,44687.2229543384
car_diesel,2007,3,20.49055152879446,0.021917889600086796,164646,67029.6200327369
car_diesel,2007,4,24.49261230373072,0.026762278885532967,157184,85575.45615832401
car_diesel,2007,5,28.163917377084417,0.030824073073997694,154070,102658.21095138574
car_diesel,2007,6,31.619556337498956,0.03445613785372081,151242,118659.65579422383
car_diesel,2007,7,34.86740907032911,0.03771664030540405,148120,133731.88826086957
car_diesel,2007,8,37.9059183459817,0.04041538651783439,144545,147697.67782524475
car_diesel,2007,9,40.68961762280138,0.04329147801499138,137948,160354.43818982516
car_diesel,2007,10,43.278411284374776,0.048152629010495517,119216,172018.37690351967
car_diesel,2007,11,45.358769525420975,0.04902639333389413,121514,181110.90923399775
car_diesel,2007,12,47.38247226308711,0.05292880050015469,109579,189730.0105444474
car_diesel,2007,13,48.95719180280894,0.05968857882678163,91579,195951.90370314155
car_diesel,2007,14,50.68503292464466,0.06325299785438927,87758,202259.23014562775
car_diesel,2007,15,52.35531606289693,0.06973324660892928,76333,208295.50688326152
car_diesel,2007,16,53.701412084193926,0.08292123606717397,57875,212948.10279723542
car_diesel,2008,0,5.791200673542655,0.002159547335069442,167759,0.0
car_diesel,2008,1,10.520129324843674,0.007775104137825664,167759,22098.195602322383
car_diesel,2008,2,15.249057976144698,0.014440367798350076,167759,44196.391204644766
car_diesel,2008,3,20.018642457427056,0.021318298632725885,167759,66160.32421408092
car_diesel,2008,4,23.868209950639933,0.02608003160357803,159229,84202.61302325582
car_diesel,2008,5,27.434961121006424,0.030208336324809765,155791,100871.59424953946
car_diesel,2008,6,30.855588062607247,0.03367864899125496,152685,116872.80074159217
car_diesel,2008,7,34.05452620494039,0.03701134520958439,149367,131854.37047527233
car_diesel,2008,8,37.00711362558691,0.04018529580848488,143875,145474.39417480453
car_diesel,2008,9,39.81241176547027,0.045201928287179685,124717,158457.91860532245
car_diesel,2008,10,42.09805867110103,0.045469867559549695,131236,168834.93343823342
car_diesel,2008,11,44.24474486381257,0.04843737827424614,122086,178409.48116843865
car_diesel,2008,12,45.86235290489789,0.0534478034729393,103866,185575.4237208519
car_diesel,2008,13,47.553500133054435,0.05510498452602854,102772,192342.1531426848
car_diesel,2008,14,49.200717525716236,0.05983960284263824,92552,198932.27630715707
car_diesel,2008,15,50.624408723910676,0.06901110986445548,73423,204396.7891734198
car_diesel,2009,0,5.785551127691233,0.002181223433173068,171208,0.0
car_diesel,2009,1,10.199143024823895,0.007552812466507856,171208,20837.508806364192
car_diesel,2009,2,14.612734921956555,0.013936864704170564,171208,41675.017612728385
car_diesel,2009,3,19.064512792918215,0.02053246387915739,171208,62352.339243026036
car_diesel,2009,4,22.68306943541982,0.024910386765392492,163421,79516.75117518558
car_diesel,2009,5,26.11846007068401,0.02869199101547782,159954,95791.25678069946
car_diesel,2009,6,29.43905337820172,0.03220394762343921,157180,111499.66902742081
car_diesel,2009,7,32.520514220528824,0.03556682552416231,151907,125996.19038938299
car_diesel,2009,8,35.45989645541343,0.04022376051086576,133166,139901.06784291787
car_diesel,2009,9,37.95732751630548,0.0407133742741663,142729,151578.44490404896
car_diesel,2009,10,40.341490369968916,0.043604977552576224,135424,162729.6651783288
car_diesel,2009,11,42.05173037091206,0.046811644219548164,121592,170800.52121364893
car_diesel,2009,12,43.846292184280564,0.0479459942352737,122269,178787.76026507127
car_diesel,2009,13,45.63306421689058,0.050988343778933826,113986,186770.73086624674
car_diesel,2009,14,47.13000514111723,0.05801151714776391,92199,193156.84826657557
car_diesel,2010,0,5.845090687198287,0.002143334821017112,176081,0.0
car_diesel,2010,1,10.26448247116375,0.007671275382627523,176081,20743.701372834097
car_diesel,2010,2,14.683874255129206,0.014168354502995298,176081,41487.402745668194
car_diesel,2010,3,19.14479153165148,0.020868077341543258,176081,62022.28203196257
car_diesel,2010,4,22.844819290770573,0.025629591720878874,167528,79405.58191466502
car_diesel,2010,5,26.283210326984086,0.029184426653279867,164014,95611.48415775484
car_diesel,2010,6,29.594474174058657,0.03277226542963588,159397,111161.38137016381
car_diesel,2010,7,32.81045929490629,0.038213893590619476,139527,126265.95138876347
car_diesel,2010,8,35.544793164171296,0.03866795000393596,151454,139089.74677908805
car_diesel,2010,9,38.150215696154895,0.04140607227685222,145523,151276.01459521864
car_diesel,2010,10,40.17153954820101,0.04478605472524415,132771,160832.95677949252
car_diesel,2010,11,42.04423256542237,0.04539508955313328,135473,169404.32020956208
car_diesel,2010,12,44.00910998032302,0.04799662029407573,129076,178378.14242337848
car_diesel,2010,13,45.6221944315927,0.053385284034609674,107390,185811.40515094515
car_diesel,2011,0,5.717233147623093,0.0017106347738251083,179261,0.0
car_diesel,2011,1,9.949414072239751,0.006775331823553362,179261,21142.25277885318
car_diesel,2011,2,14.181594996856415,0.012768881724132156,179261,42284.50555770636
car_diesel,2011,3,18.4599523957744,0.018968510938178324,179261,63169.07936383263
car_diesel,2011,4,21.949826102754677,0.0231161689479575,170982,80612.64843691149
car_diesel,2011,5,25.148280719107095,0.026389683079517706,165273,96610.44133312762
car_diesel,2011,6,28.316781486253642,0.03126774925383113,144341,112481.53427349124
car_diesel,2011,7,31.106758088365797,0.03213645976235074,157807,126400.25252257504
car_diesel,2011,8,33.714444690274156,0.034658023906039094,152524,139404.67380176234
car_diesel,2011,9,35.75556001823794,0.037411074394678445,139879,149659.9711635771
car_diesel,2011,10,37.72327509512207,0.038095502945509695,144740,159320.59559631065
car_diesel,2011,11,39.704892463241436,0.03993812724153858,139727,169140.26039527077
car_diesel,2011,12,41.420014257837174,0.04453874441621023,118604,177573.18879270516
car_diesel,2012,0,5.733381819919757,0.0017764368309751983,182799,0.0
car_diesel,2012,1,9.828768056727503,0.006590744851974983,182799,20403.263124305933
car_diesel,2012,2,13.92415429353525,0.012346337649873215,182799,40806.526248611866
car_diesel,2012,3,18.065515159856822,0.018339038260123168,182799,60959.44025191604
car_diesel,2012,4,21.498740712158764,0.022165523410918733,173626,78091.04218740281
car_diesel,2012,5,24.720893812146294,0.02716835230199041,148881,94164.99739832485
car_diesel,2012,6,27.678299313897803,0.02841240082869014,164704,108907.47142334128
car_diesel,2012,7,30.50131639692527,0.03128239346202389,159816,123010.20200981128
car_diesel,2012,8,32.731746886360014,0.034016716330662354,148022,134213.82810176865
car_diesel,2012,9,34.765428788094475,0.03480592332133155,153175,144295.58457888037
car_diesel,2012,10,36.962503727021065,0.03658650629823376,150034,155157.6310900196
car_diesel,2012,11,38.86899873555075,0.040653772528953885,129846,164480.2062468617
car_diesel,2013,0,5.8157343559046435,0.001723430984978597,186557,0.0
car_diesel,2013,1,9.785395057316059,0.00628790261242327,186557,19696.041136917942
car_diesel,2013,2,13.755055758727474,0.011750958766066289,186557,39392.082273835884
car_diesel,2013,3,17.770946442092384,0.01748590271087591,186557,58869.08465273349
car_diesel,2013,4,21.14610130885149,0.02291045325766377,154296,75635.4456139498
car_diesel,2013,5,24.166813904905915,0.02433599744984797,171391,90717.55278544381
car_diesel,2013,6,27.150407395358275,0.027307356973790026,166917,105536.58569888028
car_diesel,2013,7,29.562763451817823,0.030128012603419182,155910,117660.91905368483
car_diesel,2013,8,31.746417654318616,0.031455704220301764,161224,128462.20961922544
car_diesel,2013,9,34.13121995899063,0.033570646718842946,158810,140278.95667999497
car_diesel,2013,10,36.26157090204815,0.037289313426444,139771,150725.773844002
car_diesel,2014,0,5.887894725073843,0.0017631006682786146,188458,0.0
car_diesel,2014,1,9.822722079551495,0.006275734789952466,188458,19432.683828067795
car_diesel,2014,2,13.757549434029144,0.0116765682591345,188458,38865.36765613559
car_diesel,2014,3,17.74031467683171,0.017376027623844843,188458,58132.87905734966
car_diesel,2014,4,20.986445640076848,0.02120926462642765,177688,74231.67064450048
car_diesel,2014,5,24.046657443783403,0.024325398045891986,172502,89398.16067825301
car_diesel,2014,6,26.657117734423554,0.027442757010907533,161706,102409.12908772712
car_diesel,2014,7,28.95344703514433,0.02904459857989076,167035,113772.51632190858
car_diesel,2014,8,31.466297357365548,0.0312781018497516,164905,126235.45592056034
car_diesel,2014,9,33.76730480336176,0.03517836097881374,147093,137581.41180389278
car_diesel,2015,0,5.762781876659136,0.0016256549070734047,190337,0.0
car_diesel,2015,1,9.467356139465128,0.0058554978003215324,190337,19195.486673531686
car_diesel,2015,2,13.171930402271117,0.01093709822645267,190337,38390.97334706337
car_diesel,2015,3,16.92494119940335,0.016278266609969446,190337,57472.30765657755
car_diesel,2015,4,20.071999356927613,0.02013828554677178,179864,73813.25318701909
car_diesel,2015,5,22.612571361840516,0.02343634925185766,166916,87112.88736472238
car_diesel,2015,6,24.943979731419823,0.025228504248182262,172924,99124.9240618422
car_diesel,2015,7,27.504209989547373,0.027702984304710666,170997,112436.73303011163
car_diesel,2015,8,29.89086148930269,0.031360333111996284,153603,124736.94753370705
car_diesel,2016,0,5.87109712977669,0.0017573933146787814,191127,0.0
car_diesel,2016,1,9.539708341902026,0.005771598541240237,191127,18692.555723157904
car_diesel,2016,2,13.20831955402736,0.010716558576987547,191127,37385.11144631581
car_diesel,2016,3,16.914078389471953,0.015921257526121547,191127,55875.286799144036
car_diesel,2016,4,19.7070269791505,0.01975580195601792,173157,70212.92893749604
car_diesel,2016,5,22.02976400625796,0.021834696540179818,176414,82011.83002777558
car_diesel,2016,6,24.799336069300193,0.02451423715855068,175429,96154.44713582133
car_diesel,2016,7,27.36916762962901,0.02824575475886076,158771,109289.21838182035
car_diesel,2017,0,5.946638559261407,0.0017735410400861263,144255,0.0
car_diesel,2017,1,9.54253896855061,0.006302385107968236,144255,18140.120336556793
car_diesel,2017,2,13.138439377839818,0.011896171117339763,144255,36280.240673113585
car_diesel,2017,3,16.770282105436866,0.017694707258724827,144258,54284.30453215766
car_diesel,2017,4,19.235499495703593,0.021179280159208197,137064,66691.69907138271
car_diesel,2017,5,22.13592997177708,0.024572493058889925,134882,81325.4534169867
car_diesel,2017,6,24.872064943333427,0.029368194607753688,119873,95168.06299416884
car_diesel,2018,0,5.984190231121296,0.0017517468631903482,189502,0.0
car_diesel,2018,1,9.428747889143361,0.005451771356758192,189502,16880.932555170923
car_diesel,2018,2,12.873305547165428,0.01015430846046101,189502,33761.865110341845
car_diesel,2018,3,16.368179575621635,0.015082061338419139,189535,50582.7873113673
car_diesel,2018,4,19.5708925987577,0.01897945003034144,182421,66251.16155941476
car_diesel,2018,5,22.654072354276384,0.023142773813262133,166869,81329.60634467757
car_diesel,2019,0,6.802773085419874,0.0021751604119239856,199516,0.0
car_diesel,2019,1,10.242943968387182,0.005857063976153527,199516,16618.729982858516
car_diesel,2019,2,13.683114851354496,0.010617471566347214,199516,33237.45996571703
car_diesel,2019,3,17.21342008557531,0.015777572047818645,199530,50020.37985871799
car_diesel,2019,4,20.569226530516307,0.020762288702270325,178776,66324.64757120643
car_diesel,2020,0,6.702621062953405,0.002303410475781473,183072,0.0
car_diesel,2020,1,10.290583318495516,0.0065104936982107245,183072,16974.855463260355
car_diesel,2020,2,13.878545574037627,0.011887066377900967,183072,33949.71092652071
car_diesel,2020,3,17.46153977270737,0.01738051929261637,183072,50525.467113758525
car_petrol,2005,0,4.734658416053498,0.0019121887290780115,157350,0.0
car_petrol,2005,1,7.694273418580443,0.005796543445989509,157350,13705.312715665714
car_petrol,2005,2,10.653888421107391,0.010362953213617536,157350,27410.625431331428
car_petrol,2005,3,13.643061102851119,0.015068984067709347,157350,41207.332674737845
car_petrol,2005,4,16.244039110556592,0.01804930018605393,151497,53475.570611695286
car_petrol,2005,5,18.75940226489967,0.020858606068040964,150013,65315.667615539984
car_petrol,2005,6,21.154823004163212,0.023688854328468553,148458,76612.11124082233
car_petrol,2005,7,23.440706962261782,0.026075375940903298,146181,87456.62091605613
car_petrol,2005,8,25.591470952749802,0.028561950675857713,143257,97698.85259624313
car_petrol,2005,9,27.644644658452332,0.030964823616573618,139437,107413.7570229566
car_petrol,2005,10,29.591839848062328,0.03361738117057646,134220,116516.04426315008
car_petrol,2005,11,31.360036603199248,0.036828268762460335,125272,124684.98317165847
car_petrol,2005,12,32.98357142212997,0.041590164279541215,104238,132034.819960571
car_petrol,2005,13,34.207832818676145,0.04392489591342755,101566,137264.9224072032
car_petrol,2005,14,35.33070299039701,0.0489138746403182,87674,141901.18828010585
car_petrol,2005,15,36.09258318981023,0.05666924811935434,69362,144697.35925636516
car_petrol,2005,16,36.89590756619279,0.06092862674384268,63671,147228.33551883904
car_petrol,2005,17,37.70281374451766,0.06785412021953839,54203,149967.24725107467
car_petrol,2005,18,38.353918641931145,0.0791672002535164,41948,152269.52966959093
car_petrol,2006,0,4.730258743791169,0.0018908024336384774,161519,0.0
car_petrol,2006,1,7.5970051946507295,0.005506871560137154,161519,13413.148959688953
car_petrol,2006,2,10.46375164551029,0.009767997044929859,161519,26826.297919377907
car_petrol,2006,3,13.35532949286137,0.01415894718224723,161519,40265.29402813292
car_petrol,2006,4,15.906832065459103,0.01737791100596292,156262,52395.771751545486
car_petrol,2006,5,18.340680813982882,0.020077236151045383,154610,63996.00789935969
car_petrol,2006,6,20.717392129670227,0.022674967067917825,152993,75302.82205911382
car_petrol,2006,7,22.97453490828922,0.02509272538583819,151102,86120.98023950709
car_petrol,2006,8,25.16222318704976,0.02752642268455589,148572,96582.06170752228
car_petrol,2006,9,27.223865695370908,0.029975276429665475,144840,106438.44254480807
car_petrol,2006,10,29.15278960884278,0.03239607106055362,138756,115573.51757113206
car_petrol,2006,11,30.99756316301281,0.0366185815495022,119086,124322.8978151924
car_petrol,2006,12,32.4143846240394,0.03810639224965928,121324,130841.20871624742
car_petrol,2006,13,33.71540741900341,0.0414884696860799,109044,136738.98981787168
car_petrol,2006,14,34.63771185006854,0.04691849277266948,90138,140829.06895304978
car_petrol,2006,15,35.57034220780124,0.050091930565031376,84976,144307.43460800697
car_petrol,2006,16,36.40765756538896,0.05550217747341189,73961,147641.97092751588
car_petrol,2006,17,37.125631082718776,0.06480567758421746,58206,150488.01085300485
car_petrol,2007,0,4.7404791734790495,0.001784988163454257,165882,0.0
car_petrol,2007,1,7.564605916203049,0.005229159138414629,165882,13238.308498089005
car_petrol,2007,2,10.38873265892705,0.009309228909908566,165882,26476.61699617801
car_petrol,2007,3,13.236865413239832,0.01351262040811249,165882,39712.7209137218
car_petrol,2007,4,15.74904669323144,0.016496012505866124,160652,51675.536480653835
car_petrol,2007,5,18.201693769464786,0.019153143797946956,158900,63366.40262511014
car_petrol,2007,6,20.567612706048248,0.021774791600027633,157453,74638.8759688288
car_petrol,2007,7,22.867596524519232,0.024160276600845288,155390,85599.25543020786
car_petrol,2007,8,25.064154578547406,0.02645780375225227,152733,96062.70814106971
car_petrol,2007,9,27.125691577493594,0.029054535255202876,147521,105853.13659343417
car_petrol,2007,10,29.154505268071684,0.03291061553414615,129267,115503.91262727533
car_petrol,2007,11,30.755420073806,0.03339904517122015,135464,123031.45860324515
car_petrol,2007,12,32.22952695080984,0.03591714255632076,125561,129996.13528054093
car_petrol,2007,13,33.34809781296746,0.04039066612456601,107681,135173.41612884353
car_petrol,2007,14,34.388637101453284,0.04203697213225942,104598,139549.96710625442
car_petrol,2007,15,35.34622682651401,0.04563488566304604,93542,143797.32118577752
car_petrol,2007,16,36.157027914591524,0.05242762239319088,75218,147503.78257079422
car_petrol,2008,0,4.701942676593855,0.0017955826082377473,166570,0.0
car_petrol,2008,1,7.423148276647645,0.005074693684262865,166570,12976.98499075464
car_petrol,2008,2,10.144353876701434,0.00899674567572624,166570,25953.96998150928
car_petrol,2008,3,12.882753667014263,0.01303035376765453,166570,38836.4707830942
car_petrol,2008,4,15.306336527215866,0.015779160088612427,161713,50582.04459251885
car_petrol,2008,5,17.660267700625994,0.018271251390254376,159981,61975.647224482906
car_petrol,2008,6,19.987750568801495,0.020747077306490978,158767,73213.4611339888
car_petrol,2008,7,22.223185123647493,0.023178552848352647,156600,83991.20134374202
car_petrol,2008,8,24.34745003194614,0.025686844870545067,152798,94228.87031361667
car_petrol,2008,9,26.449877659068562,0.029529421635833174,133842,104317.68518342524
car_petrol,2008,10,28.184431190460838,0.029963226402840965,143954,112752.64280818874
car_petrol,2008,11,29.847209801786835,0.03206747029240441,137627,120755.10381008087
car_petrol,2008,12,31.02310885192407,0.035208286184351185,120897,126689.56755543976
car_petrol,2008,13,32.23352196108199,0.03619206374453757,121272,132196.3023283198
car_petrol,2008,14,33.31799845179704,0.03870486373489156,112092,137326.3300882311
car_petrol,2008,15,34.341722610931306,0.04377278729473067,94078,142145.31650874807
car_petrol,2009,0,4.532236746108114,0.0017238983553903454,173048,0.0
car_petrol,2009,1,7.030547179914115,0.004734117916967892,173048,12239.442481219085
car_petrol,2009,2,9.528857613720113,0.00834496737093316,173048,24478.88496243817
car_petrol,2009,3,12.041470243110002,0.012063876280869319,173048,36607.83774195599
car_petrol,2009,4,14.28777726788159,0.014646438063612963,168503,47738.00606369026
car_petrol,2009,5,16.5222030742235,0.01706995329694682,167294,58822.1554426937
car_petrol,2009,6,18.68303062674433,0.01942705893100747,165776,69521.14444750748
car_petrol,2009,7,20.774681512299683,0.021903719927257623,161964,79882.76117538466
car_petrol,2009,8,22.870292119223297,0.025434618198442522,142694,90235.11652935653
car_petrol,2009,9,24.611662517935645,0.02603535424885754,156661,98927.14254428352
car_petrol,2009,10,26.34330502245993,0.02805957030048847,151556,107569.47688966455
car_petrol,2009,11,27.656114321578265,0.030514860948434742,140578,114305.54188116206
car_petrol,2009,12,28.95012828704296,0.031430582539193584,141915,120508.73912609661
car_petrol,2009,13,30.170714366435828,0.03306619730822729,135749,126773.02548932222
car_petrol,2009,14,31.176111376554772,0.03718971825199209,114977,131952.30403480696
car_petrol,2010,0,4.553156720834042,0.0016700535325194594,174218,0.0
car_petrol,2010,1,7.094202671661159,0.004675020609488624,174218,12356.909671101723
car_petrol,2010,2,9.635248622488277,0.0082848674153204,174218,24713.819342203446
car_petrol,2010,3,12.193597457360054,0.01201193135080628,174218,36983.919565085125
car_petrol,2010,4,14.497669454105191,0.014610228596938545,169991,48305.8087518751
car_petrol,2010,5,16.753470991059952,0.017024586099458776,168573,59387.977605963
car_petrol,2010,6,18.95221776947881,0.019463037097316324,165852,70172.11338253383
car_petrol,2010,7,21.162860827797196,0.023080074357987937,145270,81019.39444510223
car_petrol,2010,8,23.066405979182267,0.02381575629723548,161114,90381.32000893776
car_petrol,2010,9,24.936358795022638,0.02582613143825225,157626,99596.29183497647
car_petrol,2010,10,26.467378671641978,0.028336017132728396,146120,107191.4474519573
car_petrol,2010,11,27.83829341343452,0.02904913624196846,150643,113863.7740980331
car_petrol,2010,12,29.230913889157847,0.030652993765725993,146077,120795.1362762105
car_petrol,2010,13,30.45034946473094,0.03425529503655632,128380,126997.31452780806
car_petrol,2011,0,4.476986945795198,0.0016759619239863166,177686,0.0
car_petrol,2011,1,6.86778042472842,0.004299350230806387,177686,12282.01001361953
car_petrol,2011,2,9.258573903661642,0.007523884775650779,177686,24564.02002723906
car_petrol,2011,3,11.6653210325409,0.010865589230087236,177686,36690.64760763369
car_petrol,2011,4,13.833744114958947,0.013272127688637248,173466,47916.02929329091
car_petrol,2011,5,15.973816467493892,0.015489020600220718,170784,58971.88267150318
car_petrol,2011,6,18.106560652472762,0.018805360755572955,149082,69958.86769817953
car_petrol,2011,7,20.010847773229518,0.019624247008116182,166808,79900.30053870317
car_petrol,2011,8,21.899086090022333,0.02155922034810216,164061,89663.72333162665
car_petrol,2011,9,23.40904644709303,0.02369093979675933,154008,97617.6135737754
car_petrol,2011,10,24.83238034252061,0.024557135043076196,159237,104888.999235856
car_petrol,2011,11,26.311804511371236,0.025981127003505522,156338,112633.75384167639
car_petrol,2011,12,27.633733314890534,0.028884232155104144,138735,119625.9725728187
car_petrol,2012,0,4.415294534341409,0.0016991083521667775,181712,0.0
car_petrol,2012,1,6.712531221872586,0.004066100097043582,181712,11970.90201544202
car_petrol,2012,2,9.00976790940377,0.007034548026628893,181712,23941.80403088404
car_petrol,2012,3,11.318540515600352,0.010126450019566389,181712,35699.92159670247
car_petrol,2012,4,13.42200237015913,0.012410469337522106,176241,46710.88152853195
car_petrol,2012,5,15.547475137641918,0.015671334670916446,152919,57830.96280455667
car_petrol,2012,6,17.491765551882214,0.016603183882113865,172884,68054.38103404596
car_petrol,2012,7,19.40035142815609,0.018638542887820183,170428,78027.0546519938
car_petrol,2012,8,20.991071494403172,0.02071610504486482,161625,86463.45728290797
car_petrol,2012,9,22.409099736130077,0.021737163308904874,166489,93790.14075254221
car_petrol,2012,10,23.955452536077207,0.023204359019913398,164995,101937.73811667021
car_petrol,2012,11,25.337672899396367,0.025927074340524773,147347,109255.15754009243
car_petrol,2013,0,4.43775225350137,0.0017270996846731584,186330,0.0
car_petrol,2013,1,6.7307018845965345,0.0039584530889994795,186330,11954.660488219826
car_petrol,2013,2,9.0236515156917,0.006802403700070481,186330,23909.320976439652
car_petrol,2013,3,11.32780491494663,0.00978593804048908,186330,35681.3999905544
car_petrol,2013,4,13.453504135060195,0.012919303928813058,157024,46795.40230875535
car_petrol,2013,5,15.470615287511267,0.014195571281528346,179121,57368.6274890158
car_petrol,2013,6,17.442524973198505,0.016195212425360015,177337,67679.748288682
car_petrol,2013,7,19.112342128155955,0.018299142490187076,168879,76458.81434192529
car_petrol,2013,8,20.585002531758153,0.019459019455319512,173745,84074.21122167545
car_petrol,2013,9,22.217618939727092,0.021124760050184516,172486,92605.76550891087
car_petrol,2013,10,23.722373657815684,0.02369076097406491,156686,100510.74987433467
car_petrol,2014,0,4.451493729136437,0.0016992485107141686,187627,0.0
car_petrol,2014,1,6.694154986864097,0.0038983459753624697,187627,11821.798700506857
car_petrol,2014,2,8.936816244591757,0.006711298486710727,187627,23643.597401013714
car_petrol,2014,3,11.187865777953302,0.009649374675021201,187627,35294.5555345979
car_petrol,2014,4,13.21995642762233,0.011829721833086558,182301,46072.5943693123
car_petrol,2014,5,15.215948296627953,0.013869137191269048,180445,56655.565249909945
car_petrol,2014,6,16.937066885937472,0.01595001215554354,172853,65808.1414240424
car_petrol,2014,7,18.419712434313922,0.0172474385080625,177192,73588.9490472482
car_petrol,2014,8,20.109622645943794,0.019009535897997153,176514,82530.74790713485
car_petrol,2014,9,21.69080321465227,0.021647181218743504,161402,90898.26996784426
car_petrol,2015,0,4.472803864954578,0.0017571678143678267,189976,0.0
car_petrol,2015,1,6.663373639550301,0.003798885208941548,189976,11699.613511548827
car_petrol,2015,2,8.853943414146025,0.006454793721721906,189976,23399.227023097654
car_petrol,2015,3,11.055273962524456,0.009239990418197454,189976,34928.748512706865
car_petrol,2015,4,13.050086367134758,0.011341627713187755,184521,45639.234831916154
car_petrol,2015,5,14.79482267099251,0.013271360816036804,176293,55071.24185827004
car_petrol,2015,6,16.30379571318882,0.014610317345132719,181570,63113.89604389493
car_petrol,2015,7,18.04296558976259,0.01636214885922953,180625,72444.68776210381
car_petrol,2015,8,19.680517059130196,0.018682318970651795,166355,81304.78726572692
car_petrol,2016,0,4.61791030499491,0.001634278047626811,189894,0.0
car_petrol,2016,1,6.816394522676728,0.0036999592613012446,189894,11630.416856614744
car_petrol,2016,2,9.01487874035855,0.006374552416560869,189894,23260.833713229487
car_petrol,2016,3,11.216949910328431,0.009156008480846927,189894,34655.29524929698
car_petrol,2016,4,13.000623669035079,0.01118270203458103,178748,44192.65950847003
car_petrol,2016,5,14.552172790982297,0.012657427305043335,182723,52409.564628153
car_petrol,2016,6,16.372256723869803,0.014528279421114006,182466,62071.36051258865
car_petrol,2016,7,18.08308049903344,0.01689454958693615,169021,71258.04920075022
car_petrol,2017,0,4.7413384200721795,0.001855838330730028,147526,0.0
car_petrol,2017,1,6.931243212705099,0.004259201907035867,147526,11336.124579057252
car_petrol,2017,2,9.121148005338016,0.007347341044210813,147526,22672.249158114504
car_petrol,2017,3,11.317912317826936,0.01055276136467963,147529,33786.21853567773
car_petrol,2017,4,12.904979222335925,0.012555118142111799,144227,42044.73528493279
car_petrol,2017,5,14.848324319959595,0.014803211967684722,143469,52143.04929552726
car_petrol,2017,6,16.667180608740388,0.017692726734531487,131024,61726.21482697827
car_petrol,2018,0,4.830102938523326,0.0015320761138006074,192941,0.0
car_petrol,2018,1,6.948673084301053,0.003576757676355702,192941,10798.223087109533
car_petrol,2018,2,9.067243230078779,0.006213961566733921,192941,21596.446174219065
car_petrol,2018,3,11.204367232371334,0.00897170084922646,192981,32245.81666003389
car_petrol,2018,4,13.231427652929144,0.011068069033651085,188963,42635.47043945111
car_petrol,2018,5,15.24976219739924,0.013478573600105992,176826,53016.27411280016
car_petrol,2019,0,5.3605997913910235,0.0017953730500278437,200665,0.0
car_petrol,2019,1,7.465979960856435,0.0037420860286293215,200665,10638.36284872798
car_petrol,2019,2,9.571360130321844,0.006342446210617134,200665,21276.72569745596
car_petrol,2019,3,11.713259764911815,0.0091182469378632,200681,31887.29233649424
car_petrol,2019,4,13.791150504479095,0.011700229341005888,183818,42471.03168128258
car_petrol,2020,0,5.362092484765925,0.0017216708230673363,185532,0.0
car_petrol,2020,1,7.572164778771066,0.004127456296808571,185532,11298.408986805513
car_petrol,2020,2,9.782237072776203,0.007247057150053477,185532,22596.817973611025
car_petrol,2020,3,11.981702322356687,0.010435982876261286,185533,33523.747765464905
