BodyType,DfT Fuel,fuel,year,2024,2023,2022,2021,2020,2019,2018,2017,2016,2015,2014,2013,2012,2011,2010,2009,2008,2007,2006,2005,2004,2003,2002,2001,2000,1999,1998,1997,1996,1995,1994,,,,,,,,,,,,,,,,,,,,,,,,,,,,,,,,,,,,,,,,,,,,,,,,,,,,,,,,,,,,,,,,,,,,,,,,,,,,,,,,,,,,,,,,,,,,,,,,
Cars,Battery electric,car_bev,1994,0,0,0,0,0,0,0,0,0,0,0,0,0,0,0,0,0,0,0,0,0,0,0,0,0,0,0,0,0,0,0,,,,,,,,,,,,,,,,,,,,,,,,,,,,,,,,,,,,,,,,,,,,,,,,,,,,,,,,,,,,,,,,,,,,,,,,,,,,,,,,,,,,,,,,,,,,,,,,
Cars,Battery electric,car_bev,1995,0,0,0,0,0,0,0,0,0,0,0,0,0,0,0,0,0,0,0,0,0,0,0,0,0,0,0,0,0,0,0,,,,,,,,,,,,,,,,,,,,,,,,,,,,,,,,,,,,,,,,,,,,,,,,,,,,,,,,,,,,,,,,,,,,,,,,,,,,,,,,,,,,,,,,,,,,,,,,
Cars,Battery electric,car_bev,1996,0,0,0,0,0,0,0,0,0,0,0,0,0,0,0,0,0,0,0,0,0,0,0,0,0,0,0,0,0.01,0,0,,,,,,,,,,,,,,,,,,,,,,,,,,,,,,,,,,,,,,,,,,,,,,,,,,,,,,,,,,,,,,,,,,,,,,,,,,,,,,,,,,,,,,,,,,,,,,,,
Cars,Battery electric,car_bev,1997,0,0,0,0,0,0,0,0,0,0,0,0,0,0,0,0,0,0,0,0,0,0,0,0,0,0,0,0.02,0.01,0,0,,,,,,,,,,,,,,,,,,,,,,,,,,,,,,,,,,,,,,,,,,,,,,,,,,,,,,,,,,,,,,,,,,,,,,,,,,,,,,,,,,,,,,,,,,,,,,,,
Cars,Battery electric,car_bev,1998,0,0,0,0,0,0,0,0,0,0,0,0,0,0,0,0,0,0,0,0,0,0,0,0,0,0,0.04,0.02,0.01,0,0,,,,,,,,,,,,,,,,,,,,,,,,,,,,,,,,,,,,,,,,,,,,,,,,,,,,,,,,,,,,,,,,,,,,,,,,,,,,,,,,,,,,,,,,,,,,,,,,
Cars,Battery electric,car_bev,1999,0,0,0,0,0,0,0,0,0,0,0,0,0,0,0,0,0,0,0,0,0,0,0,0,0,0.04,0.04,0.02,0.01,0,0,,,,,,,,,,,,,,,,,,,,,,,,,,,,,,,,,,,,,,,,,,,,,,,,,,,,,,,,,,,,,,,,,,,,,,,,,,,,,,,,,,,,,,,,,,,,,,,,
Cars,Battery electric,car_bev,2000,0,0,0,0,0,0,0,0,0,0,0,0,0,0,0,0,0,0,0,0,0,0,0,0,0.05,0.04,0.04,0.02,0.01,0,0,,,,,,,,,,,,,,,,,,,,,,,,,,,,,,,,,,,,,,,,,,,,,,,,,,,,,,,,,,,,,,,,,,,,,,,,,,,,,,,,,,,,,,,,,,,,,,,,
Cars,Battery electric,car_bev,2001,0,0,0,0,0,0,0,0,0,0,0,0,0,0,0,0,0,0,0,0,0,0,0,0.07,0.04,0.03,0.04,0.01,0,0,0,,,,,,,,,,,,,,,,,,,,,,,,,,,,,,,,,,,,,,,,,,,,,,,,,,,,,,,,,,,,,,,,,,,,,,,,,,,,,,,,,,,,,,,,,,,,,,,,
Cars,Battery electric,car_bev,2002,0,0,0,0,0,0,0,0,0,0,0,0,0,0,0,0,0,0,0,0,0,0,0.06,0.07,0.04,0.04,0.03,0.01,0,0,0,,,,,,,,,,,,,,,,,,,,,,,,,,,,,,,,,,,,,,,,,,,,,,,,,,,,,,,,,,,,,,,,,,,,,,,,,,,,,,,,,,,,,,,,,,,,,,,,
Cars,Battery electric,car_bev,2003,0,0,0,0,0,0,0,0,0,0,0,0,0,0,0,0,0,0,0,0,0,0.04,0.06,0.07,0.04,0.04,0.03,0.01,0,0,0,,,,,,,,,,,,,,,,,,,,,,,,,,,,,,,,,,,,,,,,,,,,,,,,,,,,,,,,,,,,,,,,,,,,,,,,,,,,,,,,,,,,,,,,,,,,,,,,
Cars,Battery electric,car_bev,2004,0,0,0,0,0,0,0,0,0,0,0,0,0,0,0,0,0,0,0,0,0.09,0.04,0.06,0.06,0.03,0.03,0.02,0.01,0,0,0,,,,,,,,,,,,,,,,,,,,,,,,,,,,,,,,,,,,,,,,,,,,,,,,,,,,,,,,,,,,,,,,,,,,,,,,,,,,,,,,,,,,,,,,,,,,,,,,
Cars,Battery electric,car_bev,2005,0,0,0,0,0,0,0,0,0,0,0,0,0,0,0,0,0,0,0,0.22,0.08,0.03,0.04,0.05,0.02,0.02,0.02,0.01,0,0,0,,,,,,,,,,,,,,,,,,,,,,,,,,,,,,,,,,,,,,,,,,,,,,,,,,,,,,,,,,,,,,,,,,,,,,,,,,,,,,,,,,,,,,,,,,,,,,,,
Cars,Battery electric,car_bev,2006,0,0,0,0,0,0,0,0,0,0,0,0,0,0,0,0,0,0,0.32,0.21,0.08,0.03,0.01,0.03,0.02,0.02,0.01,0,0,0,0,,,,,,,,,,,,,,,,,,,,,,,,,,,,,,,,,,,,,,,,,,,,,,,,,,,,,,,,,,,,,,,,,,,,,,,,,,,,,,,,,,,,,,,,,,,,,,,,
Cars,Battery electric,car_bev,2007,0,0,0,0,0,0,0,0,0,0,0,0,0,0,0,0,0,0.43,0.31,0.21,0.08,0.03,0.01,0.01,0.01,0.02,0.01,0,0.01,0,0,,,,,,,,,,,,,,,,,,,,,,,,,,,,,,,,,,,,,,,,,,,,,,,,,,,,,,,,,,,,,,,,,,,,,,,,,,,,,,,,,,,,,,,,,,,,,,,,
Cars,Battery electric,car_bev,2008,0,0,0,0,0,0,0,0,0,0,0,0,0,0,0,0,0.21,0.4,0.3,0.19,0.07,0.03,0.01,0.01,0.01,0.02,0,0,0,0,0,,,,,,,,,,,,,,,,,,,,,,,,,,,,,,,,,,,,,,,,,,,,,,,,,,,,,,,,,,,,,,,,,,,,,,,,,,,,,,,,,,,,,,,,,,,,,,,,
Cars,Battery electric,car_bev,2009,0,0,0,0,0,0,0,0,0,0,0,0,0,0,0,0.18,0.2,0.4,0.28,0.18,0.07,0.02,0.01,0.01,0.01,0.02,0,0.01,0,0,0,,,,,,,,,,,,,,,,,,,,,,,,,,,,,,,,,,,,,,,,,,,,,,,,,,,,,,,,,,,,,,,,,,,,,,,,,,,,,,,,,,,,,,,,,,,,,,,,
Cars,Battery electric,car_bev,2010,0,0,0,0,0,0,0,0,0,0,0,0,0,0,0.26,0.15,0.12,0.37,0.25,0.18,0.05,0.02,0.01,0.01,0.01,0.01,0,0,0,0,0,,,,,,,,,,,,,,,,,,,,,,,,,,,,,,,,,,,,,,,,,,,,,,,,,,,,,,,,,,,,,,,,,,,,,,,,,,,,,,,,,,,,,,,,,,,,,,,,
Cars,Battery electric,car_bev,2011,0,0,0,0,0,0,0,0,0,0,0,0,0,1.17,0.23,0.15,0.11,0.35,0.25,0.16,0.04,0.02,0.01,0.01,0.01,0.01,0,0.01,0,0,0,,,,,,,,,,,,,,,,,,,,,,,,,,,,,,,,,,,,,,,,,,,,,,,,,,,,,,,,,,,,,,,,,,,,,,,,,,,,,,,,,,,,,,,,,,,,,,,,
Cars,Battery electric,car_bev,2012,0,0,0,0,0,0,0,0,0,0,0,0,1.6,1.11,0.2,0.14,0.09,0.32,0.22,0.13,0.04,0.01,0.01,0.01,0.01,0.01,0,0,0,0,0,,,,,,,,,,,,,,,,,,,,,,,,,,,,,,,,,,,,,,,,,,,,,,,,,,,,,,,,,,,,,,,,,,,,,,,,,,,,,,,,,,,,,,,,,,,,,,,,
Cars,Battery electric,car_bev,2013,0,0,0,0,0,0,0,0,0,0,0,2.6,1.4,1.06,0.17,0.09,0.09,0.29,0.2,0.12,0.02,0.01,0.01,0.01,0.01,0.01,0,0,0,0,0,,,,,,,,,,,,,,,,,,,,,,,,,,,,,,,,,,,,,,,,,,,,,,,,,,,,,,,,,,,,,,,,,,,,,,,,,,,,,,,,,,,,,,,,,,,,,,,,
Cars,Battery electric,car_bev,2014,0,0,0,0,0,0,0,0,0,0,6.51,2.44,1.28,0.95,0.11,0.07,0.07,0.25,0.17,0.1,0.02,0.01,0.01,0.01,0.01,0.01,0,0,0,0,0,,,,,,,,,,,,,,,,,,,,,,,,,,,,,,,,,,,,,,,,,,,,,,,,,,,,,,,,,,,,,,,,,,,,,,,,,,,,,,,,,,,,,,,,,,,,,,,,
Cars,Battery electric,car_bev,2015,0,0,0,0,0,0,0,0,0,9.58,5.89,2.17,1.17,0.86,0.1,0.07,0.06,0.23,0.15,0.07,0.01,0.01,0.01,0.01,0.01,0.01,0,0,0,0,0,,,,,,,,,,,,,,,,,,,,,,,,,,,,,,,,,,,,,,,,,,,,,,,,,,,,,,,,,,,,,,,,,,,,,,,,,,,,,,,,,,,,,,,,,,,,,,,,
Cars,Battery electric,car_bev,2016,0,0,0,0,0,0,0,0,10.01,8.89,5.4,1.99,1.2,0.84,0.09,0.06,0.05,0.2,0.12,0.06,0.01,0,0.01,0.01,0.01,0.01,0,0,0,0,0,,,,,,,,,,,,,,,,,,,,,,,,,,,,,,,,,,,,,,,,,,,,,,,,,,,,,,,,,,,,,,,,,,,,,,,,,,,,,,,,,,,,,,,,,,,,,,,,
Cars,Battery electric,car_bev,2017,0,0,0,0,0,0,0,13.32,9.66,7.89,5.53,2.02,1.19,0.81,0.09,0.06,0.04,0.17,0.1,0.06,0.01,0,0,0.01,0,0.01,0,0,0,0,0,,,,,,,,,,,,,,,,,,,,,,,,,,,,,,,,,,,,,,,,,,,,,,,,,,,,,,,,,,,,,,,,,,,,,,,,,,,,,,,,,,,,,,,,,,,,,,,,
Cars,Battery electric,car_bev,2018,0,0,0,0,0,0,15.15,12.83,9.19,8.13,5.43,2,1.13,0.78,0.08,0.05,0.04,0.15,0.08,0.04,0.01,0,0.01,0,0,0,0,0,0,0,0,,,,,,,,,,,,,,,,,,,,,,,,,,,,,,,,,,,,,,,,,,,,,,,,,,,,,,,,,,,,,,,,,,,,,,,,,,,,,,,,,,,,,,,,,,,,,,,,
Cars,Battery electric,car_bev,2019,0,0,0,0,0,36.67,14.25,12.21,8.69,7.98,5.35,1.93,1.08,0.75,0.07,0.05,0.03,0.13,0.06,0.03,0.01,0,0,0,0,0,0,0,0,0,0,,,,,,,,,,,,,,,,,,,,,,,,,,,,,,,,,,,,,,,,,,,,,,,,,,,,,,,,,,,,,,,,,,,,,,,,,,,,,,,,,,,,,,,,,,,,,,,,
Cars,Battery electric,car_bev,2020,0,0,0,0,104.9,35.6,13.86,11.43,8.75,7.73,5.2,1.88,1.02,0.69,0.07,0.05,0.03,0.11,0.05,0.03,0.01,0,0,0,0,0,0,0,0,0,0,,,,,,,,,,,,,,,,,,,,,,,,,,,,,,,,,,,,,,,,,,,,,,,,,,,,,,,,,,,,,,,,,,,,,,,,,,,,,,,,,,,,,,,,,,,,,,,,
Cars,Battery electric,car_bev,2021,0,0,0,185.38,102.41,35.08,13.8,11.9,8.79,7.86,5.25,1.89,1.01,0.68,0.06,0.04,0.03,0.1,0.04,0.03,0.01,0,0,0,0,0,0,0,0,0,0,,,,,,,,,,,,,,,,,,,,,,,,,,,,,,,,,,,,,,,,,,,,,,,,,,,,,,,,,,,,,,,,,,,,,,,,,,,,,,,,,,,,,,,,,,,,,,,,
Cars,Battery electric,car_bev,2022,0,0,258.73,179.62,98.1,33.15,13.47,11.78,8.65,7.75,5.17,1.84,1.01,0.65,0.05,0.04,0.02,0.09,0.05,0.02,0.01,0,0,0,0,0,0,0,0,0,0,,,,,,,,,,,,,,,,,,,,,,,,,,,,,,,,,,,,,,,,,,,,,,,,,,,,,,,,,,,,,,,,,,,,,,,,,,,,,,,,,,,,,,,,,,,,,,,,
Cars,Battery electric,car_bev,2023,0,302.83,253.76,179.78,94.89,34.16,13.74,11.83,8.64,7.69,5.07,1.8,0.95,0.61,0.05,0.04,0.02,0.08,0.04,0.02,0,0,0,0,0,0,0,0,0,0,0,,,,,,,,,,,,,,,,,,,,,,,,,,,,,,,,,,,,,,,,,,,,,,,,,,,,,,,,,,,,,,,,,,,,,,,,,,,,,,,,,,,,,,,,,,,,,,,,
Cars,Battery electric,car_bev,2024,366.838,298.727,251.733,169.039,95.5,34.123,13.564,11.695,8.485,7.547,4.999,1.747,0.886,0.574,0.051,0.032,0.022,0.083,0.035,0.015,0,0,0,0,0,0,0,0,0,0,0,,,,,,,,,,,,,,,,,,,,,,,,,,,,,,,,,,,,,,,,,,,,,,,,,,,,,,,,,,,,,,,,,,,,,,,,,,,,,,,,,,,,,,,,,,,,,,,,
Cars,Diesel,car_diesel,1994,0,0,0,0,0,0,0,0,0,0,0,0,0,0,0,0,0,0,0,0,0,0,0,0,0,0,0,0,0,0,393.96,,,,,,,,,,,,,,,,,,,,,,,,,,,,,,,,,,,,,,,,,,,,,,,,,,,,,,,,,,,,,,,,,,,,,,,,,,,,,,,,,,,,,,,,,,,,,,,,
Cars,Diesel,car_diesel,1995,0,0,0,0,0,0,0,0,0,0,0,0,0,0,0,0,0,0,0,0,0,0,0,0,0,0,0,0,0,365.05,389.99,,,,,,,,,,,,,,,,,,,,,,,,,,,,,,,,,,,,,,,,,,,,,,,,,,,,,,,,,,,,,,,,,,,,,,,,,,,,,,,,,,,,,,,,,,,,,,,,
Cars,Diesel,car_diesel,1996,0,0,0,0,0,0,0,0,0,0,0,0,0,0,0,0,0,0,0,0,0,0,0,0,0,0,0,0,332.09,361.63,384.74,,,,,,,,,,,,,,,,,,,,,,,,,,,,,,,,,,,,,,,,,,,,,,,,,,,,,,,,,,,,,,,,,,,,,,,,,,,,,,,,,,,,,,,,,,,,,,,,
Cars,Diesel,car_diesel,1997,0,0,0,0,0,0,0,0,0,0,0,0,0,0,0,0,0,0,0,0,0,0,0,0,0,0,0,313.57,324.81,361.04,372.06,,,,,,,,,,,,,,,,,,,,,,,,,,,,,,,,,,,,,,,,,,,,,,,,,,,,,,,,,,,,,,,,,,,,,,,,,,,,,,,,,,,,,,,,,,,,,,,,
Cars,Diesel,car_diesel,1998,0,0,0,0,0,0,0,0,0,0,0,0,0,0,0,0,0,0,0,0,0,0,0,0,0,0,312.03,311.3,324.43,349.84,371.87,,,,,,,,,,,,,,,,,,,,,,,,,,,,,,,,,,,,,,,,,,,,,,,,,,,,,,,,,,,,,,,,,,,,,,,,,,,,,,,,,,,,,,,,,,,,,,,,
Cars,Diesel,car_diesel,1999,0,0,0,0,0,0,0,0,0,0,0,0,0,0,0,0,0,0,0,0,0,0,0,0,0,284.36,310.17,314.4,319.03,352.75,369.98,,,,,,,,,,,,,,,,,,,,,,,,,,,,,,,,,,,,,,,,,,,,,,,,,,,,,,,,,,,,,,,,,,,,,,,,,,,,,,,,,,,,,,,,,,,,,,,,
Cars,Diesel,car_diesel,2000,0,0,0,0,0,0,0,0,0,0,0,0,0,0,0,0,0,0,0,0,0,0,0,0,305.57,280.92,312.09,306.27,321.21,348.82,363.1,,,,,,,,,,,,,,,,,,,,,,,,,,,,,,,,,,,,,,,,,,,,,,,,,,,,,,,,,,,,,,,,,,,,,,,,,,,,,,,,,,,,,,,,,,,,,,,,
Cars,Diesel,car_diesel,2001,0,0,0,0,0,0,0,0,0,0,0,0,0,0,0,0,0,0,0,0,0,0,0,431.2,300.19,277.94,296.89,304.63,316.97,341.94,353.54,,,,,,,,,,,,,,,,,,,,,,,,,,,,,,,,,,,,,,,,,,,,,,,,,,,,,,,,,,,,,,,,,,,,,,,,,,,,,,,,,,,,,,,,,,,,,,,,
Cars,Diesel,car_diesel,2002,0,0,0,0,0,0,0,0,0,0,0,0,0,0,0,0,0,0,0,0,0,0,594.24,426.89,298.05,268.32,298.39,301.4,310.81,331.95,338.91,,,,,,,,,,,,,,,,,,,,,,,,,,,,,,,,,,,,,,,,,,,,,,,,,,,,,,,,,,,,,,,,,,,,,,,,,,,,,,,,,,,,,,,,,,,,,,,,
Cars,Diesel,car_diesel,2003,0,0,0,0,0,0,0,0,0,0,0,0,0,0,0,0,0,0,0,0,0,662.16,590.72,418.74,284.13,266.72,293.73,294.65,300.79,315.92,315.57,,,,,,,,,,,,,,,,,,,,,,,,,,,,,,,,,,,,,,,,,,,,,,,,,,,,,,,,,,,,,,,,,,,,,,,,,,,,,,,,,,,,,,,,,,,,,,,,
Cars,Diesel,car_diesel,2004,0,0,0,0,0,0,0,0,0,0,0,0,0,0,0,0,0,0,0,0,768.44,664.73,589.31,407.44,287.46,265.62,290.06,288.63,290.55,297.31,285.27,,,,,,,,,,,,,,,,,,,,,,,,,,,,,,,,,,,,,,,,,,,,,,,,,,,,,,,,,,,,,,,,,,,,,,,,,,,,,,,,,,,,,,,,,,,,,,,,
Cars,Diesel,car_diesel,2005,0,0,0,0,0,0,0,0,0,0,0,0,0,0,0,0,0,0,0,822.05,775.22,662.06,570.51,407.18,284.65,260.26,281.36,274.88,269.34,263.59,239.63,,,,,,,,,,,,,,,,,,,,,,,,,,,,,,,,,,,,,,,,,,,,,,,,,,,,,,,,,,,,,,,,,,,,,,,,,,,,,,,,,,,,,,,,,,,,,,,,
Cars,Diesel,car_diesel,2006,0,0,0,0,0,0,0,0,0,0,0,0,0,0,0,0,0,0,806.66,822.66,770.47,637.88,565.15,402.39,277.47,250.69,265.37,251.29,236.52,216.34,183.92,,,,,,,,,,,,,,,,,,,,,,,,,,,,,,,,,,,,,,,,,,,,,,,,,,,,,,,,,,,,,,,,,,,,,,,,,,,,,,,,,,,,,,,,,,,,,,,,
Cars,Diesel,car_diesel,2007,0,0,0,0,0,0,0,0,0,0,0,0,0,0,0,0,0,870.28,820.75,817.86,742.66,634.09,559.98,393.84,268.8,238.9,244.72,223.19,199.73,171.48,137.13,,,,,,,,,,,,,,,,,,,,,,,,,,,,,,,,,,,,,,,,,,,,,,,,,,,,,,,,,,,,,,,,,,,,,,,,,,,,,,,,,,,,,,,,,,,,,,,,
Cars,Diesel,car_diesel,2008,0,0,0,0,0,0,0,0,0,0,0,0,0,0,0,0,838.49,883.71,822.28,788.69,740.08,626.89,546.54,379.72,254.45,219.76,215.82,187.02,158.65,127.94,97.42,,,,,,,,,,,,,,,,,,,,,,,,,,,,,,,,,,,,,,,,,,,,,,,,,,,,,,,,,,,,,,,,,,,,,,,,,,,,,,,,,,,,,,,,,,,,,,,,
Cars,Diesel,car_diesel,2009,0,0,0,0,0,0,0,0,0,0,0,0,0,0,0,764.88,854.64,893.76,805.72,791.68,737.41,617.32,533.39,364.4,238.63,195.54,180.51,148.93,120.14,92.25,67.42,,,,,,,,,,,,,,,,,,,,,,,,,,,,,,,,,,,,,,,,,,,,,,,,,,,,,,,,,,,,,,,,,,,,,,,,,,,,,,,,,,,,,,,,,,,,,,,,
Cars,Diesel,car_diesel,2010,0,0,0,0,0,0,0,0,0,0,0,0,0,0,863.21,769.1,848.68,870.74,798.09,782.13,723.3,601.7,514.6,344.8,218.78,171.63,149.21,117.04,90.6,67.55,47.88,,,,,,,,,,,,,,,,,,,,,,,,,,,,,,,,,,,,,,,,,,,,,,,,,,,,,,,,,,,,,,,,,,,,,,,,,,,,,,,,,,,,,,,,,,,,,,,,
Cars,Diesel,car_diesel,2011,0,0,0,0,0,0,0,0,0,0,0,0,0,902.97,865.8,764.55,819.68,865.01,790.25,768.72,704.92,580.52,488.5,318.55,193.63,145.15,119.41,88.91,66,48.14,33.44,,,,,,,,,,,,,,,,,,,,,,,,,,,,,,,,,,,,,,,,,,,,,,,,,,,,,,,,,,,,,,,,,,,,,,,,,,,,,,,,,,,,,,,,,,,,,,,,
Cars,Diesel,car_diesel,2012,0,0,0,0,0,0,0,0,0,0,0,0,955.78,906.58,863.15,741.72,813.91,859.56,779.25,752.32,682.93,554.69,456.61,286.72,165.92,119.02,92.4,66.3,47.64,34.69,23.85,,,,,,,,,,,,,,,,,,,,,,,,,,,,,,,,,,,,,,,,,,,,,,,,,,,,,,,,,,,,,,,,,,,,,,,,,,,,,,,,,,,,,,,,,,,,,,,,
Cars,Diesel,car_diesel,2013,0,0,0,0,0,0,0,0,0,0,0,1049.39,960.33,905.95,835.91,736.51,805.03,847.4,762,729.27,652.34,520.14,416.07,249.81,137.12,94.39,69.91,48.53,34.15,24.71,16.93,,,,,,,,,,,,,,,,,,,,,,,,,,,,,,,,,,,,,,,,,,,,,,,,,,,,,,,,,,,,,,,,,,,,,,,,,,,,,,,,,,,,,,,,,,,,,,,,
Cars,Diesel,car_diesel,2014,0,0,0,0,0,0,0,0,0,0,1151.64,1042.33,946.38,858.7,819.31,722.89,785.64,824.73,735.16,694.29,609.14,475.35,368.91,210.89,109.79,73.32,52.85,35.7,24.74,18.09,12.53,,,,,,,,,,,,,,,,,,,,,,,,,,,,,,,,,,,,,,,,,,,,,,,,,,,,,,,,,,,,,,,,,,,,,,,,,,,,,,,,,,,,,,,,,,,,,,,,
Cars,Diesel,car_diesel,2015,0,0,0,0,0,0,0,0,0,1177.13,1146.85,1034.42,907.26,857.6,808.83,709.81,765.39,798.9,703.49,651.85,557.61,424,317.65,172.12,85.53,56.14,39.74,26.37,18.15,13.45,9.41,,,,,,,,,,,,,,,,,,,,,,,,,,,,,,,,,,,,,,,,,,,,,,,,,,,,,,,,,,,,,,,,,,,,,,,,,,,,,,,,,,,,,,,,,,,,,,,,
Cars,Diesel,car_diesel,2016,0,0,0,0,0,0,0,0,1184.79,1179.48,1136.51,985.25,903.85,843.05,791.89,690.92,739.14,764.6,661.49,597,494.23,364.46,261.84,134.3,64.19,41.59,29.08,19.3,13.27,10.13,7.13,,,,,,,,,,,,,,,,,,,,,,,,,,,,,,,,,,,,,,,,,,,,,,,,,,,,,,,,,,,,,,,,,,,,,,,,,,,,,,,,,,,,,,,,,,,,,,,,
Cars,Diesel,car_diesel,2017,0,0,0,0,0,0,0,960.44,1183.19,1168.13,1080.17,985.48,890.3,826.18,772.53,669.09,705.69,717.49,603.82,525.71,416.14,296.53,203.85,99.52,46.41,30.11,21.08,14.19,9.65,7.51,5.47,,,,,,,,,,,,,,,,,,,,,,,,,,,,,,,,,,,,,,,,,,,,,,,,,,,,,,,,,,,,,,,,,,,,,,,,,,,,,,,,,,,,,,,,,,,,,,,,
Cars,Diesel,car_diesel,2018,0,0,0,0,0,0,686.1,978.56,1171.7,1113.81,1078.43,970.73,873.17,806.13,750.45,643.93,665.26,661.16,537.82,449.69,339.25,234.57,154.32,72.8,33.45,21.87,15.4,10.51,7.2,5.66,4.35,,,,,,,,,,,,,,,,,,,,,,,,,,,,,,,,,,,,,,,,,,,,,,,,,,,,,,,,,,,,,,,,,,,,,,,,,,,,,,,,,,,,,,,,,,,,,,,,
Cars,Diesel,car_diesel,2019,0,0,0,0,0,558.85,682.75,967.31,1119.58,1109.7,1064.48,954.13,853.54,782.81,723.73,612.4,617.2,595.75,467.63,376.07,271.27,183.2,116.31,53.7,24.58,16.31,11.51,8.01,5.52,4.41,3.53,,,,,,,,,,,,,,,,,,,,,,,,,,,,,,,,,,,,,,,,,,,,,,,,,,,,,,,,,,,,,,,,,,,,,,,,,,,,,,,,,,,,,,,,,,,,,,,,
Cars,Diesel,car_diesel,2020,0,0,0,0,275.44,555,670.86,907.83,1109.97,1098.26,1047.97,936.01,834.3,759.72,696.22,580.65,567.4,532.08,403.03,313.03,216.9,144.41,89.5,40.93,18.56,12.61,8.95,6.36,4.4,3.55,2.84,,,,,,,,,,,,,,,,,,,,,,,,,,,,,,,,,,,,,,,,,,,,,,,,,,,,,,,,,,,,,,,,,,,,,,,,,,,,,,,,,,,,,,,,,,,,,,,,
Cars,Diesel,car_diesel,2021,0,0,0,181.29,276.03,555.02,643.79,912.75,1109.46,1091.8,1038.51,924.41,817.69,736.67,666.41,543.98,510.54,462.41,338.14,254.04,169.31,111.6,67.77,30.98,14.24,10,7.21,5.23,3.61,3.03,2.53,,,,,,,,,,,,,,,,,,,,,,,,,,,,,,,,,,,,,,,,,,,,,,,,,,,,,,,,,,,,,,,,,,,,,,,,,,,,,,,,,,,,,,,,,,,,,,,,
Cars,Diesel,car_diesel,2022,0,0,117.42,176.79,273.17,541.47,646.98,912.97,1103.89,1079.7,1022.82,905.92,795,706.78,630.24,503.97,454.76,399.96,283.25,207.45,134.92,88.59,53.71,24.56,11.39,8.08,5.93,4.34,3.01,2.49,2.16,,,,,,,,,,,,,,,,,,,,,,,,,,,,,,,,,,,,,,,,,,,,,,,,,,,,,,,,,,,,,,,,,,,,,,,,,,,,,,,,,,,,,,,,,,,,,,,,
Cars,Diesel,car_diesel,2023,0,114.92,113.78,174.18,262.24,534.35,640.03,903.16,1089.6,1061.45,999.16,877.53,760.58,663.55,578.55,450.47,389.09,330.72,226.8,162.11,103.94,68.28,41.42,19.01,9,6.49,4.81,3.47,2.49,2.07,1.85,,,,,,,,,,,,,,,,,,,,,,,,,,,,,,,,,,,,,,,,,,,,,,,,,,,,,,,,,,,,,,,,,,,,,,,,,,,,,,,,,,,,,,,,,,,,,,,,
Cars,Diesel,car_diesel,2024,99.272,111.124,112.155,166.811,259.217,528.28,633.327,890.923,1072.478,1039.63,972.587,844.379,719.355,611.106,517.246,390.832,321.835,264.211,176.221,124.714,78.941,52.642,32.199,14.959,7.113,5.225,3.975,2.907,2.081,1.787,1.551,,,,,,,,,,,,,,,,,,,,,,,,,,,,,,,,,,,,,,,,,,,,,,,,,,,,,,,,,,,,,,,,,,,,,,,,,,,,,,,,,,,,,,,,,,,,,,,,
Cars,Hybrid electric (petrol),car_hev,1994,0,0,0,0,0,0,0,0,0,0,0,0,0,0,0,0,0,0,0,0,0,0,0,0,0,0,0,0,0,0,0,,,,,,,,,,,,,,,,,,,,,,,,,,,,,,,,,,,,,,,,,,,,,,,,,,,,,,,,,,,,,,,,,,,,,,,,,,,,,,,,,,,,,,,,,,,,,,,,
Cars,Hybrid electric (petrol),car_hev,1995,0,0,0,0,0,0,0,0,0,0,0,0,0,0,0,0,0,0,0,0,0,0,0,0,0,0,0,0,0,0,0,,,,,,,,,,,,,,,,,,,,,,,,,,,,,,,,,,,,,,,,,,,,,,,,,,,,,,,,,,,,,,,,,,,,,,,,,,,,,,,,,,,,,,,,,,,,,,,,
Cars,Hybrid electric (petrol),car_hev,1996,0,0,0,0,0,0,0,0,0,0,0,0,0,0,0,0,0,0,0,0,0,0,0,0,0,0,0,0,0,0,0,,,,,,,,,,,,,,,,,,,,,,,,,,,,,,,,,,,,,,,,,,,,,,,,,,,,,,,,,,,,,,,,,,,,,,,,,,,,,,,,,,,,,,,,,,,,,,,,
Cars,Hybrid electric (petrol),car_hev,1997,0,0,0,0,0,0,0,0,0,0,0,0,0,0,0,0,0,0,0,0,0,0,0,0,0,0,0,0,0,0,0,,,,,,,,,,,,,,,,,,,,,,,,,,,,,,,,,,,,,,,,,,,,,,,,,,,,,,,,,,,,,,,,,,,,,,,,,,,,,,,,,,,,,,,,,,,,,,,,
Cars,Hybrid electric (petrol),car_hev,1998,0,0,0,0,0,0,0,0,0,0,0,0,0,0,0,0,0,0,0,0,0,0,0,0,0,0,0,0,0,0,0,,,,,,,,,,,,,,,,,,,,,,,,,,,,,,,,,,,,,,,,,,,,,,,,,,,,,,,,,,,,,,,,,,,,,,,,,,,,,,,,,,,,,,,,,,,,,,,,
Cars,Hybrid electric (petrol),car_hev,1999,0,0,0,0,0,0,0,0,0,0,0,0,0,0,0,0,0,0,0,0,0,0,0,0,0,0,0,0,0,0,0,,,,,,,,,,,,,,,,,,,,,,,,,,,,,,,,,,,,,,,,,,,,,,,,,,,,,,,,,,,,,,,,,,,,,,,,,,,,,,,,,,,,,,,,,,,,,,,,
Cars,Hybrid electric (petrol),car_hev,2000,0,0,0,0,0,0,0,0,0,0,0,0,0,0,0,0,0,0,0,0,0,0,0,0,0.18,0,0,0,0,0,0,,,,,,,,,,,,,,,,,,,,,,,,,,,,,,,,,,,,,,,,,,,,,,,,,,,,,,,,,,,,,,,,,,,,,,,,,,,,,,,,,,,,,,,,,,,,,,,,
Cars,Hybrid electric (petrol),car_hev,2001,0,0,0,0,0,0,0,0,0,0,0,0,0,0,0,0,0,0,0,0,0,0,0,0.61,0.15,0,0,0,0,0,0,,,,,,,,,,,,,,,,,,,,,,,,,,,,,,,,,,,,,,,,,,,,,,,,,,,,,,,,,,,,,,,,,,,,,,,,,,,,,,,,,,,,,,,,,,,,,,,,
Cars,Hybrid electric (petrol),car_hev,2002,0,0,0,0,0,0,0,0,0,0,0,0,0,0,0,0,0,0,0,0,0,0,0.29,0.6,0.17,0,0,0,0,0,0,,,,,,,,,,,,,,,,,,,,,,,,,,,,,,,,,,,,,,,,,,,,,,,,,,,,,,,,,,,,,,,,,,,,,,,,,,,,,,,,,,,,,,,,,,,,,,,,
Cars,Hybrid electric (petrol),car_hev,2003,0,0,0,0,0,0,0,0,0,0,0,0,0,0,0,0,0,0,0,0,0,0.36,0.28,0.61,0.17,0.01,0,0.01,0,0,0.01,,,,,,,,,,,,,,,,,,,,,,,,,,,,,,,,,,,,,,,,,,,,,,,,,,,,,,,,,,,,,,,,,,,,,,,,,,,,,,,,,,,,,,,,,,,,,,,,
Cars,Hybrid electric (petrol),car_hev,2004,0,0,0,0,0,0,0,0,0,0,0,0,0,0,0,0,0,0,0,0,1.55,0.35,0.28,0.59,0.18,0.01,0,0.01,0.01,0,0.01,,,,,,,,,,,,,,,,,,,,,,,,,,,,,,,,,,,,,,,,,,,,,,,,,,,,,,,,,,,,,,,,,,,,,,,,,,,,,,,,,,,,,,,,,,,,,,,,
Cars,Hybrid electric (petrol),car_hev,2005,0,0,0,0,0,0,0,0,0,0,0,0,0,0,0,0,0,0,0,5.27,1.54,0.36,0.28,0.59,0.18,0.01,0,0.01,0,0,0.01,,,,,,,,,,,,,,,,,,,,,,,,,,,,,,,,,,,,,,,,,,,,,,,,,,,,,,,,,,,,,,,,,,,,,,,,,,,,,,,,,,,,,,,,,,,,,,,,
Cars,Hybrid electric (petrol),car_hev,2006,0,0,0,0,0,0,0,0,0,0,0,0,0,0,0,0,0,0,8.62,5.22,1.52,0.36,0.28,0.59,0.18,0.01,0,0.01,0,0,0.01,,,,,,,,,,,,,,,,,,,,,,,,,,,,,,,,,,,,,,,,,,,,,,,,,,,,,,,,,,,,,,,,,,,,,,,,,,,,,,,,,,,,,,,,,,,,,,,,
Cars,Hybrid electric (petrol),car_hev,2007,0,0,0,0,0,0,0,0,0,0,0,0,0,0,0,0,0,15.16,8.51,5.22,1.51,0.36,0.27,0.59,0.18,0.01,0,0.01,0,0,0.01,,,,,,,,,,,,,,,,,,,,,,,,,,,,,,,,,,,,,,,,,,,,,,,,,,,,,,,,,,,,,,,,,,,,,,,,,,,,,,,,,,,,,,,,,,,,,,,,
Cars,Hybrid electric (petrol),car_hev,2008,0,0,0,0,0,0,0,0,0,0,0,0,0,0,0,0,14.74,15.3,8.6,5.15,1.51,0.37,0.27,0.59,0.17,0.01,0,0.01,0,0,0,,,,,,,,,,,,,,,,,,,,,,,,,,,,,,,,,,,,,,,,,,,,,,,,,,,,,,,,,,,,,,,,,,,,,,,,,,,,,,,,,,,,,,,,,,,,,,,,
Cars,Hybrid electric (petrol),car_hev,2009,0,0,0,0,0,0,0,0,0,0,0,0,0,0,0,14.21,14.72,15.46,8.5,5.17,1.53,0.36,0.27,0.59,0.17,0.01,0,0,0,0,0,,,,,,,,,,,,,,,,,,,,,,,,,,,,,,,,,,,,,,,,,,,,,,,,,,,,,,,,,,,,,,,,,,,,,,,,,,,,,,,,,,,,,,,,,,,,,,,,
Cars,Hybrid electric (petrol),car_hev,2010,0,0,0,0,0,0,0,0,0,0,0,0,0,0,21.51,14.08,14.7,15.17,8.44,5.19,1.52,0.37,0.27,0.57,0.16,0.01,0,0,0,0,0,,,,,,,,,,,,,,,,,,,,,,,,,,,,,,,,,,,,,,,,,,,,,,,,,,,,,,,,,,,,,,,,,,,,,,,,,,,,,,,,,,,,,,,,,,,,,,,,
Cars,Hybrid electric (petrol),car_hev,2011,0,0,0,0,0,0,0,0,0,0,0,0,0,22.24,20.93,13.79,13.95,14.84,8.38,5.16,1.51,0.36,0.26,0.56,0.16,0,0,0,0,0,0,,,,,,,,,,,,,,,,,,,,,,,,,,,,,,,,,,,,,,,,,,,,,,,,,,,,,,,,,,,,,,,,,,,,,,,,,,,,,,,,,,,,,,,,,,,,,,,,
Cars,Hybrid electric (petrol),car_hev,2012,0,0,0,0,0,0,0,0,0,0,0,0,22.24,21.72,21.07,13.52,13.61,14.53,8.32,5.11,1.49,0.35,0.26,0.54,0.15,0,0,0,0,0,0,,,,,,,,,,,,,,,,,,,,,,,,,,,,,,,,,,,,,,,,,,,,,,,,,,,,,,,,,,,,,,,,,,,,,,,,,,,,,,,,,,,,,,,,,,,,,,,,
Cars,Hybrid electric (petrol),car_hev,2013,0,0,0,0,0,0,0,0,0,0,0,25.09,22.1,22.19,20.58,13.37,13.48,14.3,8.19,5.06,1.49,0.34,0.24,0.52,0.12,0,0,0,0,0,0,,,,,,,,,,,,,,,,,,,,,,,,,,,,,,,,,,,,,,,,,,,,,,,,,,,,,,,,,,,,,,,,,,,,,,,,,,,,,,,,,,,,,,,,,,,,,,,,
Cars,Hybrid electric (petrol),car_hev,2014,0,0,0,0,0,0,0,0,0,0,32.83,24.26,21.77,21.22,19.84,13.03,13.21,14.04,8.05,4.99,1.43,0.33,0.23,0.47,0.11,0,0,0,0,0,0,,,,,,,,,,,,,,,,,,,,,,,,,,,,,,,,,,,,,,,,,,,,,,,,,,,,,,,,,,,,,,,,,,,,,,,,,,,,,,,,,,,,,,,,,,,,,,,,
Cars,Hybrid electric (petrol),car_hev,2015,0,0,0,0,0,0,0,0,0,38.2,32.05,24.01,21.37,21.12,19.71,12.92,13.07,13.92,7.95,4.93,1.41,0.32,0.2,0.41,0.1,0,0,0,0,0,0,,,,,,,,,,,,,,,,,,,,,,,,,,,,,,,,,,,,,,,,,,,,,,,,,,,,,,,,,,,,,,,,,,,,,,,,,,,,,,,,,,,,,,,,,,,,,,,,
Cars,Hybrid electric (petrol),car_hev,2016,0,0,0,0,0,0,0,0,46.01,37.63,31.82,23.56,21.45,21.11,19.65,12.85,12.94,13.73,7.79,4.83,1.38,0.29,0.18,0.37,0.08,0,0,0,0,0,0,,,,,,,,,,,,,,,,,,,,,,,,,,,,,,,,,,,,,,,,,,,,,,,,,,,,,,,,,,,,,,,,,,,,,,,,,,,,,,,,,,,,,,,,,,,,,,,,
Cars,Hybrid electric (petrol),car_hev,2017,0,0,0,0,0,0,0,66.19,45.51,37.06,30.92,23.47,21.34,21,19.47,12.81,12.72,13.53,7.59,4.68,1.32,0.27,0.16,0.3,0.07,0,0,0,0,0,0,,,,,,,,,,,,,,,,,,,,,,,,,,,,,,,,,,,,,,,,,,,,,,,,,,,,,,,,,,,,,,,,,,,,,,,,,,,,,,,,,,,,,,,,,,,,,,,,
Cars,Hybrid electric (petrol),car_hev,2018,0,0,0,0,0,0,81.37,65.81,44.8,35.86,30.75,23.3,21.18,20.85,19.24,12.62,12.45,13.23,7.36,4.47,1.26,0.23,0.14,0.25,0.05,0,0,0,0,0,0,,,,,,,,,,,,,,,,,,,,,,,,,,,,,,,,,,,,,,,,,,,,,,,,,,,,,,,,,,,,,,,,,,,,,,,,,,,,,,,,,,,,,,,,,,,,,,,,
Cars,Hybrid electric (petrol),car_hev,2019,0,0,0,0,0,96.66,80.41,65,43.55,35.82,30.56,23.18,21.04,20.65,19.04,12.4,12.17,12.84,7.07,4.26,1.17,0.21,0.12,0.2,0.04,0,0,0,0,0,0,,,,,,,,,,,,,,,,,,,,,,,,,,,,,,,,,,,,,,,,,,,,,,,,,,,,,,,,,,,,,,,,,,,,,,,,,,,,,,,,,,,,,,,,,,,,,,,,
Cars,Hybrid electric (petrol),car_hev,2020,0,0,0,0,138.1,95.01,78.01,60.85,43.24,35.37,30.18,23,20.82,20.39,18.54,12.04,11.78,12.43,6.75,4.03,1.1,0.2,0.1,0.16,0.03,0,0,0,0,0,0,,,,,,,,,,,,,,,,,,,,,,,,,,,,,,,,,,,,,,,,,,,,,,,,,,,,,,,,,,,,,,,,,,,,,,,,,,,,,,,,,,,,,,,,,,,,,,,,
Cars,Hybrid electric (petrol),car_hev,2021,0,0,0,216.73,142.68,97.35,77.26,63.33,43.7,35.6,30.29,23,20.78,20.25,18.32,11.86,11.48,11.99,6.44,3.82,1.02,0.18,0.08,0.12,0.02,0,0,0,0,0,0,,,,,,,,,,,,,,,,,,,,,,,,,,,,,,,,,,,,,,,,,,,,,,,,,,,,,,,,,,,,,,,,,,,,,,,,,,,,,,,,,,,,,,,,,,,,,,,,
Cars,Hybrid electric (petrol),car_hev,2022,0,0,285.23,226.88,142.09,100.37,78.39,63.39,43.57,35.49,30.18,22.92,20.59,19.95,18.03,11.66,11.17,11.54,6.18,3.63,0.96,0.16,0.07,0.1,0.02,0,0,0,0,0,0,,,,,,,,,,,,,,,,,,,,,,,,,,,,,,,,,,,,,,,,,,,,,,,,,,,,,,,,,,,,,,,,,,,,,,,,,,,,,,,,,,,,,,,,,,,,,,,,
Cars,Hybrid electric (petrol),car_hev,2023,0,409.74,279.18,225.58,137.44,100.64,78.13,63.08,43.36,35.32,30.04,22.76,20.34,19.72,17.68,11.35,10.77,11.11,5.82,3.36,0.91,0.15,0.05,0.09,0.02,0,0,0,0,0,0,,,,,,,,,,,,,,,,,,,,,,,,,,,,,,,,,,,,,,,,,,,,,,,,,,,,,,,,,,,,,,,,,,,,,,,,,,,,,,,,,,,,,,,,,,,,,,,,
Cars,Hybrid electric (petrol),car_hev,2024,527.406,401.994,279.001,219.736,139.166,100.386,77.989,62.866,43.119,35.096,29.828,22.465,20.059,19.409,17.229,10.935,10.184,10.396,5.318,3.008,0.801,0.126,0.045,0.063,0.012,0,0,0,0,0,0,,,,,,,,,,,,,,,,,,,,,,,,,,,,,,,,,,,,,,,,,,,,,,,,,,,,,,,,,,,,,,,,,,,,,,,,,,,,,,,,,,,,,,,,,,,,,,,,
Cars,Petrol,car_petrol,1994,0,0,0,0,0,0,0,0,0,0,0,0,0,0,0,0,0,0,0,0,0,0,0,0,0,0,0,0,0,0,1322.95,,,,,,,,,,,,,,,,,,,,,,,,,,,,,,,,,,,,,,,,,,,,,,,,,,,,,,,,,,,,,,,,,,,,,,,,,,,,,,,,,,,,,,,,,,,,,,,,
Cars,Petrol,car_petrol,1995,0,0,0,0,0,0,0,0,0,0,0,0,0,0,0,0,0,0,0,0,0,0,0,0,0,0,0,0,0,1374.65,1355.16,,,,,,,,,,,,,,,,,,,,,,,,,,,,,,,,,,,,,,,,,,,,,,,,,,,,,,,,,,,,,,,,,,,,,,,,,,,,,,,,,,,,,,,,,,,,,,,,
Cars,Petrol,car_petrol,1996,0,0,0,0,0,0,0,0,0,0,0,0,0,0,0,0,0,0,0,0,0,0,0,0,0,0,0,0,1494.05,1395.13,1346.2,,,,,,,,,,,,,,,,,,,,,,,,,,,,,,,,,,,,,,,,,,,,,,,,,,,,,,,,,,,,,,,,,,,,,,,,,,,,,,,,,,,,,,,,,,,,,,,,
Cars,Petrol,car_petrol,1997,0,0,0,0,0,0,0,0,0,0,0,0,0,0,0,0,0,0,0,0,0,0,0,0,0,0,0,1639.71,1508.19,1396.95,1319.27,,,,,,,,,,,,,,,,,,,,,,,,,,,,,,,,,,,,,,,,,,,,,,,,,,,,,,,,,,,,,,,,,,,,,,,,,,,,,,,,,,,,,,,,,,,,,,,,
Cars,Petrol,car_petrol,1998,0,0,0,0,0,0,0,0,0,0,0,0,0,0,0,0,0,0,0,0,0,0,0,0,0,0,1720.92,1650.79,1509.68,1380.52,1325.92,,,,,,,,,,,,,,,,,,,,,,,,,,,,,,,,,,,,,,,,,,,,,,,,,,,,,,,,,,,,,,,,,,,,,,,,,,,,,,,,,,,,,,,,,,,,,,,,
Cars,Petrol,car_petrol,1999,0,0,0,0,0,0,0,0,0,0,0,0,0,0,0,0,0,0,0,0,0,0,0,0,0,1774.59,1755.28,1674.59,1500.59,1396.41,1323.51,,,,,,,,,,,,,,,,,,,,,,,,,,,,,,,,,,,,,,,,,,,,,,,,,,,,,,,,,,,,,,,,,,,,,,,,,,,,,,,,,,,,,,,,,,,,,,,,
Cars,Petrol,car_petrol,2000,0,0,0,0,0,0,0,0,0,0,0,0,0,0,0,0,0,0,0,0,0,0,0,0,1842.05,1782.12,1766.24,1646.2,1508.9,1382.91,1301.66,,,,,,,,,,,,,,,,,,,,,,,,,,,,,,,,,,,,,,,,,,,,,,,,,,,,,,,,,,,,,,,,,,,,,,,,,,,,,,,,,,,,,,,,,,,,,,,,
Cars,Petrol,car_petrol,2001,0,0,0,0,0,0,0,0,0,0,0,0,0,0,0,0,0,0,0,0,0,0,0,1969.99,1851.9,1785.1,1727.78,1654.18,1498.6,1366.34,1279.61,,,,,,,,,,,,,,,,,,,,,,,,,,,,,,,,,,,,,,,,,,,,,,,,,,,,,,,,,,,,,,,,,,,,,,,,,,,,,,,,,,,,,,,,,,,,,,,,
Cars,Petrol,car_petrol,2002,0,0,0,0,0,0,0,0,0,0,0,0,0,0,0,0,0,0,0,0,0,0,1897.93,1978.3,1847.53,1747.46,1735.09,1638.44,1473.03,1333.38,1233.3,,,,,,,,,,,,,,,,,,,,,,,,,,,,,,,,,,,,,,,,,,,,,,,,,,,,,,,,,,,,,,,,,,,,,,,,,,,,,,,,,,,,,,,,,,,,,,,,
Cars,Petrol,car_petrol,2003,0,0,0,0,0,0,0,0,0,0,0,0,0,0,0,0,0,0,0,0,0,1762.28,1903.72,1952.8,1788.32,1741.14,1707.86,1602.91,1429.66,1276.45,1155.13,,,,,,,,,,,,,,,,,,,,,,,,,,,,,,,,,,,,,,,,,,,,,,,,,,,,,,,,,,,,,,,,,,,,,,,,,,,,,,,,,,,,,,,,,,,,,,,,
Cars,Petrol,car_petrol,2004,0,0,0,0,0,0,0,0,0,0,0,0,0,0,0,0,0,0,0,0,1596.98,1790.68,1913.65,1941.75,1813.27,1734.92,1691.3,1575.3,1384.39,1207.04,1049.71,,,,,,,,,,,,,,,,,,,,,,,,,,,,,,,,,,,,,,,,,,,,,,,,,,,,,,,,,,,,,,,,,,,,,,,,,,,,,,,,,,,,,,,,,,,,,,,,
Cars,Petrol,car_petrol,2005,0,0,0,0,0,0,0,0,0,0,0,0,0,0,0,0,0,0,0,1424.03,1635.65,1795.21,1889.97,1947.17,1798.05,1708.95,1649.23,1512.06,1291.42,1079.89,889.38,,,,,,,,,,,,,,,,,,,,,,,,,,,,,,,,,,,,,,,,,,,,,,,,,,,,,,,,,,,,,,,,,,,,,,,,,,,,,,,,,,,,,,,,,,,,,,,,
Cars,Petrol,car_petrol,2006,0,0,0,0,0,0,0,0,0,0,0,0,0,0,0,0,0,0,1301.85,1440.07,1631.1,1760.81,1879.48,1920.63,1760.56,1657.69,1566.68,1398.73,1138.46,897.74,691.58,,,,,,,,,,,,,,,,,,,,,,,,,,,,,,,,,,,,,,,,,,,,,,,,,,,,,,,,,,,,,,,,,,,,,,,,,,,,,,,,,,,,,,,,,,,,,,,,
Cars,Petrol,car_petrol,2007,0,0,0,0,0,0,0,0,0,0,0,0,0,0,0,0,0,1275.58,1333.64,1442.05,1604.46,1754.01,1857.92,1885.73,1714.73,1591.98,1457.88,1254.31,966.78,718.84,520.58,,,,,,,,,,,,,,,,,,,,,,,,,,,,,,,,,,,,,,,,,,,,,,,,,,,,,,,,,,,,,,,,,,,,,,,,,,,,,,,,,,,,,,,,,,,,,,,,
Cars,Petrol,car_petrol,2008,0,0,0,0,0,0,0,0,0,0,0,0,0,0,0,0,1092.8,1324.44,1350.65,1425.64,1604.64,1737.35,1828.18,1837.62,1647.81,1494.89,1303.25,1070.06,775.39,544.29,374.5,,,,,,,,,,,,,,,,,,,,,,,,,,,,,,,,,,,,,,,,,,,,,,,,,,,,,,,,,,,,,,,,,,,,,,,,,,,,,,,,,,,,,,,,,,,,,,,,
Cars,Petrol,car_petrol,2009,0,0,0,0,0,0,0,0,0,0,0,0,0,0,0,1073.72,1107.88,1334.71,1335.96,1428.52,1593.2,1718.26,1797.6,1783.72,1567.21,1339.11,1091.49,856.34,588.47,396.41,261.83,,,,,,,,,,,,,,,,,,,,,,,,,,,,,,,,,,,,,,,,,,,,,,,,,,,,,,,,,,,,,,,,,,,,,,,,,,,,,,,,,,,,,,,,,,,,,,,,
Cars,Petrol,car_petrol,2010,0,0,0,0,0,0,0,0,0,0,0,0,0,0,990.17,1070.61,1106.89,1310.85,1326.5,1407.58,1566.14,1683.52,1743.44,1698.81,1449.44,1181.95,900.93,673.72,441.54,287.7,184.08,,,,,,,,,,,,,,,,,,,,,,,,,,,,,,,,,,,,,,,,,,,,,,,,,,,,,,,,,,,,,,,,,,,,,,,,,,,,,,,,,,,,,,,,,,,,,,,,
Cars,Petrol,car_petrol,2011,0,0,0,0,0,0,0,0,0,0,0,0,0,862.34,994.9,1075.87,1093.79,1311.45,1317.73,1391.3,1539.02,1638.63,1669.26,1577.03,1290.69,1001.94,709.99,505.25,318.75,202.56,127.66,,,,,,,,,,,,,,,,,,,,,,,,,,,,,,,,,,,,,,,,,,,,,,,,,,,,,,,,,,,,,,,,,,,,,,,,,,,,,,,,,,,,,,,,,,,,,,,,
Cars,Petrol,car_petrol,2012,0,0,0,0,0,0,0,0,0,0,0,0,917.92,867.68,998.22,1065.48,1095.71,1303.69,1306.07,1372.65,1505.44,1580.93,1573.21,1427.83,1112.99,820.64,547.42,374.59,228.88,144.36,90.98,,,,,,,,,,,,,,,,,,,,,,,,,,,,,,,,,,,,,,,,,,,,,,,,,,,,,,,,,,,,,,,,,,,,,,,,,,,,,,,,,,,,,,,,,,,,,,,,
Cars,Petrol,car_petrol,2013,0,0,0,0,0,0,0,0,0,0,0,1044.86,917.97,867.74,990.05,1067.18,1088.05,1290.41,1286.99,1343.09,1453.23,1494.78,1441.46,1247.62,919.96,647.9,411.79,272.73,163.84,103.67,65.54,,,,,,,,,,,,,,,,,,,,,,,,,,,,,,,,,,,,,,,,,,,,,,,,,,,,,,,,,,,,,,,,,,,,,,,,,,,,,,,,,,,,,,,,,,,,,,,,
Cars,Petrol,car_petrol,2014,0,0,0,0,0,0,0,0,0,0,1118.91,1038.17,908.26,846.62,986.32,1055.97,1072.97,1267.76,1257.35,1296.47,1375.97,1378.08,1280.21,1052.94,737.28,499.62,308.53,201.22,119.61,76.35,48.99,,,,,,,,,,,,,,,,,,,,,,,,,,,,,,,,,,,,,,,,,,,,,,,,,,,,,,,,,,,,,,,,,,,,,,,,,,,,,,,,,,,,,,,,,,,,,,,,
Cars,Petrol,car_petrol,2015,0,0,0,0,0,0,0,0,0,1206.88,1112.02,1027.91,889.9,855.17,977.09,1043.01,1053.38,1237.35,1215.85,1230.94,1273.24,1232.97,1099.19,859.58,576.37,380.45,232.54,151.07,89.45,58.16,37.66,,,,,,,,,,,,,,,,,,,,,,,,,,,,,,,,,,,,,,,,,,,,,,,,,,,,,,,,,,,,,,,,,,,,,,,,,,,,,,,,,,,,,,,,,,,,,,,,
Cars,Petrol,car_petrol,2016,0,0,0,0,0,0,0,0,1237.7,1204.72,1104.54,1011.44,901.13,847.12,964.76,1026.79,1030.27,1199.53,1163.08,1145.76,1143.62,1065.15,905.93,674.73,436.03,282.5,173.35,112.57,67.18,44.61,29.33,,,,,,,,,,,,,,,,,,,,,,,,,,,,,,,,,,,,,,,,,,,,,,,,,,,,,,,,,,,,,,,,,,,,,,,,,,,,,,,,,,,,,,,,,,,,,,,,
Cars,Petrol,car_petrol,2017,0,0,0,0,0,0,0,1257.3,1236.91,1197.77,1086.27,1023,895.55,839.51,952.81,1010,1002.72,1152.27,1092.16,1035.8,991.13,883.77,717.28,511.76,322.74,207.58,129.55,85.08,50.86,34.67,23.2,,,,,,,,,,,,,,,,,,,,,,,,,,,,,,,,,,,,,,,,,,,,,,,,,,,,,,,,,,,,,,,,,,,,,,,,,,,,,,,,,,,,,,,,,,,,,,,,
Cars,Petrol,car_petrol,2018,0,0,0,0,0,0,1377.81,1266.64,1224.18,1170.8,1096.48,1013.92,885.65,827.64,935.54,986.98,964.83,1087.19,1002.25,910.23,835.9,717.04,558.67,386.28,240.4,155.17,98.98,65.9,39.89,27.74,18.9,,,,,,,,,,,,,,,,,,,,,,,,,,,,,,,,,,,,,,,,,,,,,,,,,,,,,,,,,,,,,,,,,,,,,,,,,,,,,,,,,,,,,,,,,,,,,,,,
Cars,Petrol,car_petrol,2019,0,0,0,0,0,1425.1,1378.63,1258.3,1210.12,1190.37,1092.37,1006.52,877,816.57,916.07,958.57,915.92,1004.51,897.47,782.05,691.73,575.17,434.25,293.88,182.23,118.33,77.28,52.47,32.24,22.8,15.62,,,,,,,,,,,,,,,,,,,,,,,,,,,,,,,,,,,,,,,,,,,,,,,,,,,,,,,,,,,,,,,,,,,,,,,,,,,,,,,,,,,,,,,,,,,,,,,,
Cars,Petrol,car_petrol,2020,0,0,0,0,935.29,1407.12,1350.73,1212.35,1213.95,1181.39,1079.82,993.23,863.29,801.69,893.14,925.44,860.79,917.98,794.5,667.23,572.71,463.24,342.12,227.66,141.52,92.21,61.69,42.54,26.21,19.06,13.25,,,,,,,,,,,,,,,,,,,,,,,,,,,,,,,,,,,,,,,,,,,,,,,,,,,,,,,,,,,,,,,,,,,,,,,,,,,,,,,,,,,,,,,,,,,,,,,,
Cars,Petrol,car_petrol,2021,0,0,0,848.94,926.09,1403.38,1329.4,1242.33,1215.33,1177.49,1076.69,988.53,856.95,791.33,870.85,889.58,797.45,823.04,689.63,559.08,467.37,370.88,268.32,177.56,108.68,71.78,49.93,35.33,21.9,16.29,11.55,,,,,,,,,,,,,,,,,,,,,,,,,,,,,,,,,,,,,,,,,,,,,,,,,,,,,,,,,,,,,,,,,,,,,,,,,,,,,,,,,,,,,,,,,,,,,,,,
Cars,Petrol,car_petrol,2022,0,0,757.54,819.85,917.22,1385.93,1356.25,1246.89,1211.57,1170.85,1066.34,976.26,843.41,773.96,841.61,848.21,735.35,737.9,603.89,479.11,392.86,307.17,219.68,144.54,88.24,59.03,42.18,30.18,18.99,14.16,10.2,,,,,,,,,,,,,,,,,,,,,,,,,,,,,,,,,,,,,,,,,,,,,,,,,,,,,,,,,,,,,,,,,,,,,,,,,,,,,,,,,,,,,,,,,,,,,,,,
Cars,Petrol,car_petrol,2023,0,826.47,742.61,809.64,890.92,1395.32,1353.87,1238.91,1201.46,1158.91,1051.69,958.84,824.39,749.68,802.87,796.71,667.62,653.28,523.64,407.61,329.58,255.84,180.27,118.18,69.63,47.11,34.45,24.95,16.01,12.13,8.82,,,,,,,,,,,,,,,,,,,,,,,,,,,,,,,,,,,,,,,,,,,,,,,,,,,,,,,,,,,,,,,,,,,,,,,,,,,,,,,,,,,,,,,,,,,,,,,,
Cars,Petrol,car_petrol,2024,675.382,815.071,733.968,793.945,910.133,1396.734,1349.452,1231.233,1190.965,1144.364,1033.496,936.219,798.082,715.352,749.987,729.13,587.097,558.738,440.12,338.133,269.549,207.904,146.043,95.834,56.519,38.74,29.241,21.495,13.975,10.731,7.772,7.318,6.797,7.671,8.881,8.345,6.057,4.745,3.935,3.441,2.88,6.482,5.184,5.446,7.077,7.796,7.651,6.619,5.781,6.206,8.718,13.986,16.111,11.657,10.911,9.71,10.683,9.464,8.104,7.158,7.281,6.746,5.25,5.361,5.769,4.911,3.918,3.029,3.037,3.796,3.375,2.811,1.879,1.646,1.388,1.393,1.304,1.187,0.8,0.03,0.011,0.014,0.011,0.024,0.198,1.362,2.119,2.836,2.819,2.871,2.998,2.332,1.656,1.232,1.246,1.146,0.97,0.772,0.645,0.486,0.374,0.247,0.142,0.396,0.024,0.01,0.002,0.001,0.008,0.011,0.03,0.018,0.017,0.007,0.006,0.008,0.004,0.004,0.008,0.006,0.038,0.025,0.004,0.004,0.003,280.972,18623.246
